prediction,original sign,result
Opaque,Opaque,CORRECT
Opaque,Opaque,CORRECT
Opaque,Opaque,CORRECT
Opaque,Opaque,CORRECT
Opaque,Opaque,CORRECT
Opaque,Opaque,CORRECT
Opaque,Opaque,CORRECT
Opaque,Opaque,CORRECT
Opaque,Opaque,CORRECT
Opaque,Opaque,CORRECT
Opaque,Opaque,CORRECT
Opaque,Opaque,CORRECT
Opaque,Opaque,CORRECT
Opaque,Opaque,CORRECT
Opaque,Opaque,CORRECT
Opaque,Opaque,CORRECT
Bitter,Opaque,WRONG
Opaque,Opaque,CORRECT
Opaque,Opaque,CORRECT
Opaque,Opaque,CORRECT
Opaque,Opaque,CORRECT
Opaque,Opaque,CORRECT
Opaque,Opaque,CORRECT
Opaque,Opaque,CORRECT
Opaque,Opaque,CORRECT
Opaque,Opaque,CORRECT
Opaque,Opaque,CORRECT
Opaque,Opaque,CORRECT
Opaque,Opaque,CORRECT
Opaque,Opaque,CORRECT
Opaque,Opaque,CORRECT
Opaque,Opaque,CORRECT
Opaque,Opaque,CORRECT
Opaque,Opaque,CORRECT
Opaque,Opaque,CORRECT
Opaque,Opaque,CORRECT
Opaque,Opaque,CORRECT
Opaque,Opaque,CORRECT
Opaque,Opaque,CORRECT
Opaque,Opaque,CORRECT
Opaque,Opaque,CORRECT
Opaque,Opaque,CORRECT
Opaque,Opaque,CORRECT
Opaque,Opaque,CORRECT
Opaque,Opaque,CORRECT
Opaque,Opaque,CORRECT
Opaque,Opaque,CORRECT
Opaque,Opaque,CORRECT
Opaque,Opaque,CORRECT
Opaque,Opaque,CORRECT
Green,Red,WRONG
Red,Red,CORRECT
Green,Red,WRONG
Red,Red,CORRECT
Red,Red,CORRECT
Green,Red,WRONG
Green,Red,WRONG
Red,Red,CORRECT
Green,Red,WRONG
Red,Red,CORRECT
Red,Red,CORRECT
Green,Red,WRONG
Red,Red,CORRECT
Green,Red,WRONG
Green,Red,WRONG
Green,Red,WRONG
Red,Red,CORRECT
Red,Red,CORRECT
Red,Red,CORRECT
Green,Red,WRONG
Green,Red,WRONG
Green,Red,WRONG
Green,Red,WRONG
Green,Red,WRONG
Green,Red,WRONG
Green,Red,WRONG
Red,Red,CORRECT
Red,Red,CORRECT
Red,Red,CORRECT
Red,Red,CORRECT
Red,Red,CORRECT
Red,Red,CORRECT
Red,Red,CORRECT
Red,Red,CORRECT
Red,Red,CORRECT
Green,Red,WRONG
Green,Red,WRONG
Green,Red,WRONG
Red,Red,CORRECT
Green,Red,WRONG
Green,Red,WRONG
Green,Red,WRONG
Green,Red,WRONG
Green,Red,WRONG
Red,Red,CORRECT
Red,Red,CORRECT
Red,Red,CORRECT
Red,Red,CORRECT
Red,Red,CORRECT
Red,Red,CORRECT
Green,Green,CORRECT
Green,Green,CORRECT
Green,Green,CORRECT
Green,Green,CORRECT
Green,Green,CORRECT
Green,Green,CORRECT
Green,Green,CORRECT
Green,Green,CORRECT
Green,Green,CORRECT
Green,Green,CORRECT
Green,Green,CORRECT
Green,Green,CORRECT
Green,Green,CORRECT
Green,Green,CORRECT
Green,Green,CORRECT
Green,Green,CORRECT
Green,Green,CORRECT
Green,Green,CORRECT
Green,Green,CORRECT
Green,Green,CORRECT
Green,Green,CORRECT
Green,Green,CORRECT
Green,Green,CORRECT
Green,Green,CORRECT
Green,Green,CORRECT
Green,Green,CORRECT
Green,Green,CORRECT
Green,Green,CORRECT
Green,Green,CORRECT
Green,Green,CORRECT
Green,Green,CORRECT
Green,Green,CORRECT
Green,Green,CORRECT
Green,Green,CORRECT
Green,Green,CORRECT
Green,Green,CORRECT
Green,Green,CORRECT
Green,Green,CORRECT
Green,Green,CORRECT
Red,Green,WRONG
Green,Green,CORRECT
Green,Green,CORRECT
Green,Green,CORRECT
Green,Green,CORRECT
Green,Green,CORRECT
Red,Green,WRONG
Green,Green,CORRECT
Green,Green,CORRECT
Red,Green,WRONG
Red,Green,WRONG
Yellow,Yellow,CORRECT
Yellow,Yellow,CORRECT
Yellow,Yellow,CORRECT
Yellow,Yellow,CORRECT
Yellow,Yellow,CORRECT
Yellow,Yellow,CORRECT
Yellow,Yellow,CORRECT
Yellow,Yellow,CORRECT
Yellow,Yellow,CORRECT
Yellow,Yellow,CORRECT
Yellow,Yellow,CORRECT
Yellow,Yellow,CORRECT
Yellow,Yellow,CORRECT
Yellow,Yellow,CORRECT
Yellow,Yellow,CORRECT
Yellow,Yellow,CORRECT
Yellow,Yellow,CORRECT
Yellow,Yellow,CORRECT
Yellow,Yellow,CORRECT
Yellow,Yellow,CORRECT
Yellow,Yellow,CORRECT
Yellow,Yellow,CORRECT
Yellow,Yellow,CORRECT
Yellow,Yellow,CORRECT
Yellow,Yellow,CORRECT
Yellow,Yellow,CORRECT
Yellow,Yellow,CORRECT
Yellow,Yellow,CORRECT
Yellow,Yellow,CORRECT
Yellow,Yellow,CORRECT
Yellow,Yellow,CORRECT
Yellow,Yellow,CORRECT
Yellow,Yellow,CORRECT
Yellow,Yellow,CORRECT
Yellow,Yellow,CORRECT
Yellow,Yellow,CORRECT
Yellow,Yellow,CORRECT
Yellow,Yellow,CORRECT
Yellow,Yellow,CORRECT
Yellow,Yellow,CORRECT
Yellow,Yellow,CORRECT
Yellow,Yellow,CORRECT
Yellow,Yellow,CORRECT
Yellow,Yellow,CORRECT
Yellow,Yellow,CORRECT
Yellow,Yellow,CORRECT
Yellow,Yellow,CORRECT
Yellow,Yellow,CORRECT
Yellow,Yellow,CORRECT
Yellow,Yellow,CORRECT
Bright,Bright,CORRECT
Bright,Bright,CORRECT
Bright,Bright,CORRECT
Bright,Bright,CORRECT
Bright,Bright,CORRECT
Bright,Bright,CORRECT
Bright,Bright,CORRECT
Bright,Bright,CORRECT
Bright,Bright,CORRECT
Bright,Bright,CORRECT
Bright,Bright,CORRECT
Bright,Bright,CORRECT
Bright,Bright,CORRECT
Bright,Bright,CORRECT
Bright,Bright,CORRECT
Bright,Bright,CORRECT
Bright,Bright,CORRECT
Bright,Bright,CORRECT
Bright,Bright,CORRECT
Bright,Bright,CORRECT
Bright,Bright,CORRECT
Bright,Bright,CORRECT
Bright,Bright,CORRECT
Bright,Bright,CORRECT
Bright,Bright,CORRECT
Bright,Bright,CORRECT
Bright,Bright,CORRECT
Bright,Bright,CORRECT
Bright,Bright,CORRECT
Bright,Bright,CORRECT
Bright,Bright,CORRECT
Bright,Bright,CORRECT
Bright,Bright,CORRECT
Bright,Bright,CORRECT
Bright,Bright,CORRECT
Bright,Bright,CORRECT
Bright,Bright,CORRECT
Bright,Bright,CORRECT
Bright,Bright,CORRECT
Bright,Bright,CORRECT
Skimmer,Bright,WRONG
Skimmer,Bright,WRONG
Skimmer,Bright,WRONG
Skimmer,Bright,WRONG
Skimmer,Bright,WRONG
Skimmer,Bright,WRONG
Skimmer,Bright,WRONG
Skimmer,Bright,WRONG
Skimmer,Bright,WRONG
Skimmer,Bright,WRONG
Light-blue,Light-blue,CORRECT
Light-blue,Light-blue,CORRECT
Light-blue,Light-blue,CORRECT
Light-blue,Light-blue,CORRECT
Light-blue,Light-blue,CORRECT
Light-blue,Light-blue,CORRECT
Light-blue,Light-blue,CORRECT
Light-blue,Light-blue,CORRECT
Light-blue,Light-blue,CORRECT
Light-blue,Light-blue,CORRECT
Light-blue,Light-blue,CORRECT
Light-blue,Light-blue,CORRECT
Light-blue,Light-blue,CORRECT
Light-blue,Light-blue,CORRECT
Light-blue,Light-blue,CORRECT
Light-blue,Light-blue,CORRECT
Light-blue,Light-blue,CORRECT
Light-blue,Light-blue,CORRECT
Light-blue,Light-blue,CORRECT
Light-blue,Light-blue,CORRECT
Light-blue,Light-blue,CORRECT
Light-blue,Light-blue,CORRECT
Light-blue,Light-blue,CORRECT
Light-blue,Light-blue,CORRECT
Light-blue,Light-blue,CORRECT
Light-blue,Light-blue,CORRECT
Light-blue,Light-blue,CORRECT
Learn,Light-blue,WRONG
Light-blue,Light-blue,CORRECT
Light-blue,Light-blue,CORRECT
Light-blue,Light-blue,CORRECT
Light-blue,Light-blue,CORRECT
Light-blue,Light-blue,CORRECT
Light-blue,Light-blue,CORRECT
Light-blue,Light-blue,CORRECT
Light-blue,Light-blue,CORRECT
Light-blue,Light-blue,CORRECT
Light-blue,Light-blue,CORRECT
Light-blue,Light-blue,CORRECT
Light-blue,Light-blue,CORRECT
Light-blue,Light-blue,CORRECT
Light-blue,Light-blue,CORRECT
Light-blue,Light-blue,CORRECT
Light-blue,Light-blue,CORRECT
Light-blue,Light-blue,CORRECT
Light-blue,Light-blue,CORRECT
Light-blue,Light-blue,CORRECT
Light-blue,Light-blue,CORRECT
Light-blue,Light-blue,CORRECT
Light-blue,Light-blue,CORRECT
Colors,Colors,CORRECT
Colors,Colors,CORRECT
Colors,Colors,CORRECT
Colors,Colors,CORRECT
Colors,Colors,CORRECT
Colors,Colors,CORRECT
Colors,Colors,CORRECT
Colors,Colors,CORRECT
Colors,Colors,CORRECT
Colors,Colors,CORRECT
Colors,Colors,CORRECT
Colors,Colors,CORRECT
Colors,Colors,CORRECT
Colors,Colors,CORRECT
Colors,Colors,CORRECT
Colors,Colors,CORRECT
Colors,Colors,CORRECT
Colors,Colors,CORRECT
Colors,Colors,CORRECT
Colors,Colors,CORRECT
Colors,Colors,CORRECT
Colors,Colors,CORRECT
Colors,Colors,CORRECT
Colors,Colors,CORRECT
Colors,Colors,CORRECT
Colors,Colors,CORRECT
Colors,Colors,CORRECT
Colors,Colors,CORRECT
Colors,Colors,CORRECT
Colors,Colors,CORRECT
Colors,Colors,CORRECT
Colors,Colors,CORRECT
Colors,Colors,CORRECT
Colors,Colors,CORRECT
Colors,Colors,CORRECT
Colors,Colors,CORRECT
Colors,Colors,CORRECT
Colors,Colors,CORRECT
Colors,Colors,CORRECT
Colors,Colors,CORRECT
Colors,Colors,CORRECT
Colors,Colors,CORRECT
Colors,Colors,CORRECT
Colors,Colors,CORRECT
Colors,Colors,CORRECT
Colors,Colors,CORRECT
Colors,Colors,CORRECT
Colors,Colors,CORRECT
Colors,Colors,CORRECT
Colors,Colors,CORRECT
Pink,Pink,CORRECT
Pink,Pink,CORRECT
Pink,Pink,CORRECT
Pink,Pink,CORRECT
Pink,Pink,CORRECT
Pink,Pink,CORRECT
Pink,Pink,CORRECT
Pink,Pink,CORRECT
Pink,Pink,CORRECT
Pink,Pink,CORRECT
Pink,Pink,CORRECT
Pink,Pink,CORRECT
Pink,Pink,CORRECT
Pink,Pink,CORRECT
Pink,Pink,CORRECT
Argentina,Pink,WRONG
Pink,Pink,CORRECT
Argentina,Pink,WRONG
Pink,Pink,CORRECT
Pink,Pink,CORRECT
Pink,Pink,CORRECT
Pink,Pink,CORRECT
Pink,Pink,CORRECT
Pink,Pink,CORRECT
Pink,Pink,CORRECT
Pink,Pink,CORRECT
Pink,Pink,CORRECT
Pink,Pink,CORRECT
Pink,Pink,CORRECT
Pink,Pink,CORRECT
Pink,Pink,CORRECT
Pink,Pink,CORRECT
Pink,Pink,CORRECT
Pink,Pink,CORRECT
Pink,Pink,CORRECT
Pink,Pink,CORRECT
Pink,Pink,CORRECT
Pink,Pink,CORRECT
Pink,Pink,CORRECT
Pink,Pink,CORRECT
Pink,Pink,CORRECT
Pink,Pink,CORRECT
Pink,Pink,CORRECT
Pink,Pink,CORRECT
Pink,Pink,CORRECT
Pink,Pink,CORRECT
Pink,Pink,CORRECT
Pink,Pink,CORRECT
Pink,Pink,CORRECT
Pink,Pink,CORRECT
Women,Women,CORRECT
Women,Women,CORRECT
Women,Women,CORRECT
Women,Women,CORRECT
Women,Women,CORRECT
Women,Women,CORRECT
Women,Women,CORRECT
Women,Women,CORRECT
Women,Women,CORRECT
Women,Women,CORRECT
Son,Women,WRONG
Man,Women,WRONG
Son,Women,WRONG
Man,Women,WRONG
Son,Women,WRONG
Women,Women,CORRECT
Women,Women,CORRECT
Women,Women,CORRECT
Women,Women,CORRECT
Women,Women,CORRECT
Women,Women,CORRECT
Women,Women,CORRECT
Women,Women,CORRECT
Women,Women,CORRECT
Women,Women,CORRECT
Women,Women,CORRECT
Women,Women,CORRECT
Women,Women,CORRECT
Women,Women,CORRECT
Women,Women,CORRECT
Women,Women,CORRECT
Women,Women,CORRECT
Women,Women,CORRECT
Women,Women,CORRECT
Women,Women,CORRECT
Women,Women,CORRECT
Women,Women,CORRECT
Women,Women,CORRECT
Women,Women,CORRECT
Women,Women,CORRECT
Women,Women,CORRECT
Women,Women,CORRECT
Women,Women,CORRECT
Women,Women,CORRECT
Women,Women,CORRECT
Women,Women,CORRECT
Women,Women,CORRECT
Women,Women,CORRECT
Women,Women,CORRECT
Women,Women,CORRECT
Enemy,Enemy,CORRECT
Enemy,Enemy,CORRECT
Enemy,Enemy,CORRECT
Enemy,Enemy,CORRECT
Enemy,Enemy,CORRECT
Enemy,Enemy,CORRECT
Enemy,Enemy,CORRECT
Enemy,Enemy,CORRECT
Enemy,Enemy,CORRECT
Enemy,Enemy,CORRECT
Enemy,Enemy,CORRECT
Enemy,Enemy,CORRECT
Enemy,Enemy,CORRECT
Enemy,Enemy,CORRECT
Enemy,Enemy,CORRECT
Enemy,Enemy,CORRECT
Pink,Enemy,WRONG
Enemy,Enemy,CORRECT
Enemy,Enemy,CORRECT
Enemy,Enemy,CORRECT
Enemy,Enemy,CORRECT
Man,Enemy,WRONG
Enemy,Enemy,CORRECT
Enemy,Enemy,CORRECT
Enemy,Enemy,CORRECT
Enemy,Enemy,CORRECT
Enemy,Enemy,CORRECT
Enemy,Enemy,CORRECT
Enemy,Enemy,CORRECT
Enemy,Enemy,CORRECT
Enemy,Enemy,CORRECT
Enemy,Enemy,CORRECT
Enemy,Enemy,CORRECT
Enemy,Enemy,CORRECT
Enemy,Enemy,CORRECT
Enemy,Enemy,CORRECT
Enemy,Enemy,CORRECT
Enemy,Enemy,CORRECT
Enemy,Enemy,CORRECT
Enemy,Enemy,CORRECT
Enemy,Enemy,CORRECT
Enemy,Enemy,CORRECT
Enemy,Enemy,CORRECT
Enemy,Enemy,CORRECT
Enemy,Enemy,CORRECT
Enemy,Enemy,CORRECT
Enemy,Enemy,CORRECT
Enemy,Enemy,CORRECT
Enemy,Enemy,CORRECT
Enemy,Enemy,CORRECT
Son,Son,CORRECT
Son,Son,CORRECT
Son,Son,CORRECT
Son,Son,CORRECT
Son,Son,CORRECT
Son,Son,CORRECT
Son,Son,CORRECT
Son,Son,CORRECT
Son,Son,CORRECT
Son,Son,CORRECT
Son,Son,CORRECT
Son,Son,CORRECT
Son,Son,CORRECT
Son,Son,CORRECT
Son,Son,CORRECT
Son,Son,CORRECT
Son,Son,CORRECT
Son,Son,CORRECT
Son,Son,CORRECT
Son,Son,CORRECT
Son,Son,CORRECT
Son,Son,CORRECT
Colors,Son,WRONG
Son,Son,CORRECT
Son,Son,CORRECT
Son,Son,CORRECT
Son,Son,CORRECT
Son,Son,CORRECT
Son,Son,CORRECT
Son,Son,CORRECT
Son,Son,CORRECT
Son,Son,CORRECT
Son,Son,CORRECT
Son,Son,CORRECT
Son,Son,CORRECT
Son,Son,CORRECT
Son,Son,CORRECT
Son,Son,CORRECT
Son,Son,CORRECT
Son,Son,CORRECT
Son,Son,CORRECT
Son,Son,CORRECT
Son,Son,CORRECT
Son,Son,CORRECT
Son,Son,CORRECT
Son,Son,CORRECT
Son,Son,CORRECT
Son,Son,CORRECT
Son,Son,CORRECT
Son,Son,CORRECT
Man,Man,CORRECT
Man,Man,CORRECT
Learn,Man,WRONG
Man,Man,CORRECT
Learn,Man,WRONG
Man,Man,CORRECT
Man,Man,CORRECT
Man,Man,CORRECT
Man,Man,CORRECT
Man,Man,CORRECT
Man,Man,CORRECT
Learn,Man,WRONG
Man,Man,CORRECT
Man,Man,CORRECT
Man,Man,CORRECT
Man,Man,CORRECT
Man,Man,CORRECT
Man,Man,CORRECT
Man,Man,CORRECT
Man,Man,CORRECT
Man,Man,CORRECT
Man,Man,CORRECT
Man,Man,CORRECT
Man,Man,CORRECT
Man,Man,CORRECT
Man,Man,CORRECT
Man,Man,CORRECT
Man,Man,CORRECT
Man,Man,CORRECT
Man,Man,CORRECT
Man,Man,CORRECT
Man,Man,CORRECT
Man,Man,CORRECT
Man,Man,CORRECT
Man,Man,CORRECT
Man,Man,CORRECT
Man,Man,CORRECT
Man,Man,CORRECT
Man,Man,CORRECT
Man,Man,CORRECT
Learn,Man,WRONG
Learn,Man,WRONG
Learn,Man,WRONG
Learn,Man,WRONG
Learn,Man,WRONG
Man,Man,CORRECT
Man,Man,CORRECT
Man,Man,CORRECT
Man,Man,CORRECT
Man,Man,CORRECT
Away,Away,CORRECT
Away,Away,CORRECT
Away,Away,CORRECT
Away,Away,CORRECT
Away,Away,CORRECT
Away,Away,CORRECT
Away,Away,CORRECT
Away,Away,CORRECT
Away,Away,CORRECT
Away,Away,CORRECT
Away,Away,CORRECT
Away,Away,CORRECT
Away,Away,CORRECT
Away,Away,CORRECT
Away,Away,CORRECT
Away,Away,CORRECT
Away,Away,CORRECT
Away,Away,CORRECT
Away,Away,CORRECT
Away,Away,CORRECT
Away,Away,CORRECT
Away,Away,CORRECT
Away,Away,CORRECT
Away,Away,CORRECT
Away,Away,CORRECT
Away,Away,CORRECT
Away,Away,CORRECT
Away,Away,CORRECT
Away,Away,CORRECT
Away,Away,CORRECT
Away,Away,CORRECT
Away,Away,CORRECT
Away,Away,CORRECT
Away,Away,CORRECT
Away,Away,CORRECT
Away,Away,CORRECT
Away,Away,CORRECT
Away,Away,CORRECT
Away,Away,CORRECT
Away,Away,CORRECT
Away,Away,CORRECT
Away,Away,CORRECT
Away,Away,CORRECT
Away,Away,CORRECT
Away,Away,CORRECT
Away,Away,CORRECT
Away,Away,CORRECT
Away,Away,CORRECT
Away,Away,CORRECT
Away,Away,CORRECT
Drawer,Drawer,CORRECT
Drawer,Drawer,CORRECT
Drawer,Drawer,CORRECT
Drawer,Drawer,CORRECT
Drawer,Drawer,CORRECT
Drawer,Drawer,CORRECT
Drawer,Drawer,CORRECT
Drawer,Drawer,CORRECT
Drawer,Drawer,CORRECT
Drawer,Drawer,CORRECT
Drawer,Drawer,CORRECT
Drawer,Drawer,CORRECT
Drawer,Drawer,CORRECT
Drawer,Drawer,CORRECT
Drawer,Drawer,CORRECT
Drawer,Drawer,CORRECT
Drawer,Drawer,CORRECT
Drawer,Drawer,CORRECT
Drawer,Drawer,CORRECT
Drawer,Drawer,CORRECT
Drawer,Drawer,CORRECT
Drawer,Drawer,CORRECT
Drawer,Drawer,CORRECT
Drawer,Drawer,CORRECT
Drawer,Drawer,CORRECT
Drawer,Drawer,CORRECT
Drawer,Drawer,CORRECT
Drawer,Drawer,CORRECT
Drawer,Drawer,CORRECT
Drawer,Drawer,CORRECT
Drawer,Drawer,CORRECT
Drawer,Drawer,CORRECT
Drawer,Drawer,CORRECT
Drawer,Drawer,CORRECT
Drawer,Drawer,CORRECT
Drawer,Drawer,CORRECT
Drawer,Drawer,CORRECT
Drawer,Drawer,CORRECT
Drawer,Drawer,CORRECT
Drawer,Drawer,CORRECT
Drawer,Drawer,CORRECT
Drawer,Drawer,CORRECT
Drawer,Drawer,CORRECT
Drawer,Drawer,CORRECT
Drawer,Drawer,CORRECT
Drawer,Drawer,CORRECT
Drawer,Drawer,CORRECT
Born,Drawer,WRONG
Drawer,Drawer,CORRECT
Drawer,Drawer,CORRECT
Born,Born,CORRECT
Born,Born,CORRECT
Born,Born,CORRECT
Born,Born,CORRECT
Born,Born,CORRECT
Born,Born,CORRECT
Born,Born,CORRECT
Born,Born,CORRECT
Born,Born,CORRECT
Born,Born,CORRECT
Born,Born,CORRECT
Born,Born,CORRECT
Born,Born,CORRECT
Born,Born,CORRECT
Born,Born,CORRECT
Born,Born,CORRECT
Born,Born,CORRECT
Born,Born,CORRECT
Argentina,Born,WRONG
Born,Born,CORRECT
Born,Born,CORRECT
Born,Born,CORRECT
Born,Born,CORRECT
Born,Born,CORRECT
Born,Born,CORRECT
Born,Born,CORRECT
Born,Born,CORRECT
Son,Born,WRONG
Hungry,Born,WRONG
None,Born,WRONG
Born,Born,CORRECT
Born,Born,CORRECT
Born,Born,CORRECT
Born,Born,CORRECT
Argentina,Born,WRONG
Man,Born,WRONG
Born,Born,CORRECT
Man,Born,WRONG
Born,Born,CORRECT
Born,Born,CORRECT
Born,Born,CORRECT
Born,Born,CORRECT
Born,Born,CORRECT
Born,Born,CORRECT
Hungry,Born,WRONG
Born,Born,CORRECT
Born,Born,CORRECT
Born,Born,CORRECT
Born,Born,CORRECT
Born,Born,CORRECT
Learn,Learn,CORRECT
Learn,Learn,CORRECT
Learn,Learn,CORRECT
Learn,Learn,CORRECT
Learn,Learn,CORRECT
Learn,Learn,CORRECT
Learn,Learn,CORRECT
Learn,Learn,CORRECT
Learn,Learn,CORRECT
Learn,Learn,CORRECT
Learn,Learn,CORRECT
Learn,Learn,CORRECT
Learn,Learn,CORRECT
Learn,Learn,CORRECT
Learn,Learn,CORRECT
Learn,Learn,CORRECT
Learn,Learn,CORRECT
Learn,Learn,CORRECT
Learn,Learn,CORRECT
Learn,Learn,CORRECT
Learn,Learn,CORRECT
Learn,Learn,CORRECT
Learn,Learn,CORRECT
Learn,Learn,CORRECT
Learn,Learn,CORRECT
Learn,Learn,CORRECT
Learn,Learn,CORRECT
Learn,Learn,CORRECT
Learn,Learn,CORRECT
Learn,Learn,CORRECT
Learn,Learn,CORRECT
Learn,Learn,CORRECT
Learn,Learn,CORRECT
Learn,Learn,CORRECT
Learn,Learn,CORRECT
Learn,Learn,CORRECT
Learn,Learn,CORRECT
Learn,Learn,CORRECT
Learn,Learn,CORRECT
Learn,Learn,CORRECT
Learn,Learn,CORRECT
Learn,Learn,CORRECT
Learn,Learn,CORRECT
Learn,Learn,CORRECT
Learn,Learn,CORRECT
Learn,Learn,CORRECT
Learn,Learn,CORRECT
Learn,Learn,CORRECT
Learn,Learn,CORRECT
Learn,Learn,CORRECT
Call,Call,CORRECT
Call,Call,CORRECT
Call,Call,CORRECT
Call,Call,CORRECT
Call,Call,CORRECT
Call,Call,CORRECT
Call,Call,CORRECT
Call,Call,CORRECT
Call,Call,CORRECT
Call,Call,CORRECT
Call,Call,CORRECT
Call,Call,CORRECT
Call,Call,CORRECT
Call,Call,CORRECT
Call,Call,CORRECT
Call,Call,CORRECT
Call,Call,CORRECT
Call,Call,CORRECT
Call,Call,CORRECT
Call,Call,CORRECT
Call,Call,CORRECT
Call,Call,CORRECT
Call,Call,CORRECT
Call,Call,CORRECT
Call,Call,CORRECT
Call,Call,CORRECT
Call,Call,CORRECT
Call,Call,CORRECT
Call,Call,CORRECT
Call,Call,CORRECT
Call,Call,CORRECT
Call,Call,CORRECT
Call,Call,CORRECT
Call,Call,CORRECT
Call,Call,CORRECT
Call,Call,CORRECT
Call,Call,CORRECT
Call,Call,CORRECT
Call,Call,CORRECT
Call,Call,CORRECT
Call,Call,CORRECT
Call,Call,CORRECT
Call,Call,CORRECT
Call,Call,CORRECT
Call,Call,CORRECT
Call,Call,CORRECT
Call,Call,CORRECT
Call,Call,CORRECT
Call,Call,CORRECT
Call,Call,CORRECT
Skimmer,Skimmer,CORRECT
Skimmer,Skimmer,CORRECT
Skimmer,Skimmer,CORRECT
Bright,Skimmer,WRONG
Skimmer,Skimmer,CORRECT
Skimmer,Skimmer,CORRECT
Skimmer,Skimmer,CORRECT
Skimmer,Skimmer,CORRECT
Skimmer,Skimmer,CORRECT
Skimmer,Skimmer,CORRECT
Skimmer,Skimmer,CORRECT
Skimmer,Skimmer,CORRECT
Skimmer,Skimmer,CORRECT
Skimmer,Skimmer,CORRECT
Skimmer,Skimmer,CORRECT
Bright,Skimmer,WRONG
Skimmer,Skimmer,CORRECT
Skimmer,Skimmer,CORRECT
Skimmer,Skimmer,CORRECT
Skimmer,Skimmer,CORRECT
Bright,Skimmer,WRONG
Skimmer,Skimmer,CORRECT
Bright,Skimmer,WRONG
Skimmer,Skimmer,CORRECT
Bright,Skimmer,WRONG
Skimmer,Skimmer,CORRECT
Bright,Skimmer,WRONG
Bright,Skimmer,WRONG
Bright,Skimmer,WRONG
Bright,Skimmer,WRONG
Bright,Skimmer,WRONG
Bright,Skimmer,WRONG
Bright,Skimmer,WRONG
Bright,Skimmer,WRONG
Bright,Skimmer,WRONG
Skimmer,Skimmer,CORRECT
Skimmer,Skimmer,CORRECT
Skimmer,Skimmer,CORRECT
Skimmer,Skimmer,CORRECT
Skimmer,Skimmer,CORRECT
Skimmer,Skimmer,CORRECT
Skimmer,Skimmer,CORRECT
Skimmer,Skimmer,CORRECT
Skimmer,Skimmer,CORRECT
Skimmer,Skimmer,CORRECT
Bright,Skimmer,WRONG
Skimmer,Skimmer,CORRECT
Skimmer,Skimmer,CORRECT
Skimmer,Skimmer,CORRECT
Skimmer,Skimmer,CORRECT
Bitter,Bitter,CORRECT
Bitter,Bitter,CORRECT
Bitter,Bitter,CORRECT
Bitter,Bitter,CORRECT
Bitter,Bitter,CORRECT
Bitter,Bitter,CORRECT
Bitter,Bitter,CORRECT
Bitter,Bitter,CORRECT
Bitter,Bitter,CORRECT
Bitter,Bitter,CORRECT
Bitter,Bitter,CORRECT
Bitter,Bitter,CORRECT
Bitter,Bitter,CORRECT
Bitter,Bitter,CORRECT
Bitter,Bitter,CORRECT
Bitter,Bitter,CORRECT
Bitter,Bitter,CORRECT
Bitter,Bitter,CORRECT
Bitter,Bitter,CORRECT
Bitter,Bitter,CORRECT
Bitter,Bitter,CORRECT
Bitter,Bitter,CORRECT
Bitter,Bitter,CORRECT
Bitter,Bitter,CORRECT
Bitter,Bitter,CORRECT
Bitter,Bitter,CORRECT
Bitter,Bitter,CORRECT
Bitter,Bitter,CORRECT
Bitter,Bitter,CORRECT
Bitter,Bitter,CORRECT
Bitter,Bitter,CORRECT
Opaque,Bitter,WRONG
Bitter,Bitter,CORRECT
Opaque,Bitter,WRONG
Bitter,Bitter,CORRECT
Bitter,Bitter,CORRECT
Bitter,Bitter,CORRECT
Opaque,Bitter,WRONG
Bitter,Bitter,CORRECT
Bitter,Bitter,CORRECT
Bitter,Bitter,CORRECT
Bitter,Bitter,CORRECT
Bitter,Bitter,CORRECT
Bitter,Bitter,CORRECT
Bitter,Bitter,CORRECT
Bitter,Bitter,CORRECT
Bitter,Bitter,CORRECT
Bitter,Bitter,CORRECT
Bitter,Bitter,CORRECT
Bitter,Bitter,CORRECT
Sweet milk,Sweet milk,CORRECT
Sweet milk,Sweet milk,CORRECT
Sweet milk,Sweet milk,CORRECT
Sweet milk,Sweet milk,CORRECT
Sweet milk,Sweet milk,CORRECT
Sweet milk,Sweet milk,CORRECT
Sweet milk,Sweet milk,CORRECT
Sweet milk,Sweet milk,CORRECT
Sweet milk,Sweet milk,CORRECT
Sweet milk,Sweet milk,CORRECT
Sweet milk,Sweet milk,CORRECT
Sweet milk,Sweet milk,CORRECT
Sweet milk,Sweet milk,CORRECT
Sweet milk,Sweet milk,CORRECT
Sweet milk,Sweet milk,CORRECT
Sweet milk,Sweet milk,CORRECT
Sweet milk,Sweet milk,CORRECT
Sweet milk,Sweet milk,CORRECT
Sweet milk,Sweet milk,CORRECT
Sweet milk,Sweet milk,CORRECT
Sweet milk,Sweet milk,CORRECT
Sweet milk,Sweet milk,CORRECT
Sweet milk,Sweet milk,CORRECT
Sweet milk,Sweet milk,CORRECT
Sweet milk,Sweet milk,CORRECT
Nada,Sweet milk,WRONG
Bright,Sweet milk,WRONG
Sweet milk,Sweet milk,CORRECT
Sweet milk,Sweet milk,CORRECT
Sweet milk,Sweet milk,CORRECT
Nada,Sweet milk,WRONG
Sweet milk,Sweet milk,CORRECT
Sweet milk,Sweet milk,CORRECT
Sweet milk,Sweet milk,CORRECT
Sweet milk,Sweet milk,CORRECT
Sweet milk,Sweet milk,CORRECT
Sweet milk,Sweet milk,CORRECT
Sweet milk,Sweet milk,CORRECT
Sweet milk,Sweet milk,CORRECT
Sweet milk,Sweet milk,CORRECT
Sweet milk,Sweet milk,CORRECT
Sweet milk,Sweet milk,CORRECT
Sweet milk,Sweet milk,CORRECT
Sweet milk,Sweet milk,CORRECT
Nada,Sweet milk,WRONG
Sweet milk,Sweet milk,CORRECT
Sweet milk,Sweet milk,CORRECT
Sweet milk,Sweet milk,CORRECT
Sweet milk,Sweet milk,CORRECT
Sweet milk,Sweet milk,CORRECT
Milk,Milk,CORRECT
Milk,Milk,CORRECT
Milk,Milk,CORRECT
Milk,Milk,CORRECT
Milk,Milk,CORRECT
Milk,Milk,CORRECT
Milk,Milk,CORRECT
Milk,Milk,CORRECT
Milk,Milk,CORRECT
Milk,Milk,CORRECT
Milk,Milk,CORRECT
Milk,Milk,CORRECT
Milk,Milk,CORRECT
Milk,Milk,CORRECT
Milk,Milk,CORRECT
Milk,Milk,CORRECT
Milk,Milk,CORRECT
Milk,Milk,CORRECT
Milk,Milk,CORRECT
Milk,Milk,CORRECT
Milk,Milk,CORRECT
Milk,Milk,CORRECT
Milk,Milk,CORRECT
Milk,Milk,CORRECT
Milk,Milk,CORRECT
Milk,Milk,CORRECT
Milk,Milk,CORRECT
Milk,Milk,CORRECT
Milk,Milk,CORRECT
Milk,Milk,CORRECT
Milk,Milk,CORRECT
Milk,Milk,CORRECT
Milk,Milk,CORRECT
Milk,Milk,CORRECT
Milk,Milk,CORRECT
Milk,Milk,CORRECT
Milk,Milk,CORRECT
Milk,Milk,CORRECT
Milk,Milk,CORRECT
Milk,Milk,CORRECT
Milk,Milk,CORRECT
Milk,Milk,CORRECT
Milk,Milk,CORRECT
Milk,Milk,CORRECT
Milk,Milk,CORRECT
Milk,Milk,CORRECT
Milk,Milk,CORRECT
Milk,Milk,CORRECT
Milk,Milk,CORRECT
Milk,Milk,CORRECT
Water,Water,CORRECT
Water,Water,CORRECT
Water,Water,CORRECT
Water,Water,CORRECT
Water,Water,CORRECT
Water,Water,CORRECT
Water,Water,CORRECT
Water,Water,CORRECT
Water,Water,CORRECT
Water,Water,CORRECT
Water,Water,CORRECT
Water,Water,CORRECT
Water,Water,CORRECT
Water,Water,CORRECT
Water,Water,CORRECT
Water,Water,CORRECT
Water,Water,CORRECT
Water,Water,CORRECT
Water,Water,CORRECT
Water,Water,CORRECT
Water,Water,CORRECT
Water,Water,CORRECT
Water,Water,CORRECT
Water,Water,CORRECT
Water,Water,CORRECT
Water,Water,CORRECT
Water,Water,CORRECT
Water,Water,CORRECT
Water,Water,CORRECT
Water,Water,CORRECT
Water,Water,CORRECT
Water,Water,CORRECT
Water,Water,CORRECT
Water,Water,CORRECT
Water,Water,CORRECT
Water,Water,CORRECT
Water,Water,CORRECT
Water,Water,CORRECT
Water,Water,CORRECT
Water,Water,CORRECT
Water,Water,CORRECT
Water,Water,CORRECT
Water,Water,CORRECT
Water,Water,CORRECT
Water,Water,CORRECT
Water,Water,CORRECT
Water,Water,CORRECT
Water,Water,CORRECT
Water,Water,CORRECT
Call,Water,WRONG
Food,Food,CORRECT
Food,Food,CORRECT
Food,Food,CORRECT
Food,Food,CORRECT
Food,Food,CORRECT
Food,Food,CORRECT
Breakfast,Food,WRONG
Food,Food,CORRECT
Breakfast,Food,WRONG
Food,Food,CORRECT
Food,Food,CORRECT
Food,Food,CORRECT
Food,Food,CORRECT
Food,Food,CORRECT
Food,Food,CORRECT
Food,Food,CORRECT
Food,Food,CORRECT
Food,Food,CORRECT
Food,Food,CORRECT
Food,Food,CORRECT
Food,Food,CORRECT
Food,Food,CORRECT
Food,Food,CORRECT
Food,Food,CORRECT
Food,Food,CORRECT
Food,Food,CORRECT
Food,Food,CORRECT
Food,Food,CORRECT
Food,Food,CORRECT
Food,Food,CORRECT
Food,Food,CORRECT
Food,Food,CORRECT
Food,Food,CORRECT
Food,Food,CORRECT
Food,Food,CORRECT
Food,Food,CORRECT
Food,Food,CORRECT
Food,Food,CORRECT
Food,Food,CORRECT
Food,Food,CORRECT
Food,Food,CORRECT
Food,Food,CORRECT
Food,Food,CORRECT
Food,Food,CORRECT
Food,Food,CORRECT
Food,Food,CORRECT
Food,Food,CORRECT
Food,Food,CORRECT
Food,Food,CORRECT
Food,Food,CORRECT
Argentina,Argentina,CORRECT
Argentina,Argentina,CORRECT
Argentina,Argentina,CORRECT
Argentina,Argentina,CORRECT
Argentina,Argentina,CORRECT
Argentina,Argentina,CORRECT
Argentina,Argentina,CORRECT
Argentina,Argentina,CORRECT
Argentina,Argentina,CORRECT
Argentina,Argentina,CORRECT
Argentina,Argentina,CORRECT
Argentina,Argentina,CORRECT
Argentina,Argentina,CORRECT
Argentina,Argentina,CORRECT
Argentina,Argentina,CORRECT
Argentina,Argentina,CORRECT
Argentina,Argentina,CORRECT
Argentina,Argentina,CORRECT
Argentina,Argentina,CORRECT
Argentina,Argentina,CORRECT
Argentina,Argentina,CORRECT
Argentina,Argentina,CORRECT
Argentina,Argentina,CORRECT
Pink,Argentina,WRONG
Argentina,Argentina,CORRECT
Argentina,Argentina,CORRECT
Argentina,Argentina,CORRECT
Argentina,Argentina,CORRECT
Argentina,Argentina,CORRECT
Argentina,Argentina,CORRECT
Argentina,Argentina,CORRECT
Argentina,Argentina,CORRECT
Argentina,Argentina,CORRECT
Argentina,Argentina,CORRECT
Argentina,Argentina,CORRECT
Argentina,Argentina,CORRECT
Argentina,Argentina,CORRECT
Argentina,Argentina,CORRECT
Argentina,Argentina,CORRECT
Argentina,Argentina,CORRECT
Argentina,Argentina,CORRECT
Argentina,Argentina,CORRECT
Argentina,Argentina,CORRECT
Argentina,Argentina,CORRECT
Argentina,Argentina,CORRECT
Argentina,Argentina,CORRECT
Argentina,Argentina,CORRECT
Argentina,Argentina,CORRECT
Argentina,Argentina,CORRECT
Argentina,Argentina,CORRECT
Uruguay,Uruguay,CORRECT
Uruguay,Uruguay,CORRECT
Uruguay,Uruguay,CORRECT
Uruguay,Uruguay,CORRECT
Uruguay,Uruguay,CORRECT
Uruguay,Uruguay,CORRECT
Uruguay,Uruguay,CORRECT
Uruguay,Uruguay,CORRECT
Uruguay,Uruguay,CORRECT
Uruguay,Uruguay,CORRECT
Chewing-gum,Uruguay,WRONG
Chewing-gum,Uruguay,WRONG
Chewing-gum,Uruguay,WRONG
Uruguay,Uruguay,CORRECT
Chewing-gum,Uruguay,WRONG
Uruguay,Uruguay,CORRECT
Uruguay,Uruguay,CORRECT
Uruguay,Uruguay,CORRECT
Uruguay,Uruguay,CORRECT
Uruguay,Uruguay,CORRECT
Uruguay,Uruguay,CORRECT
Uruguay,Uruguay,CORRECT
Uruguay,Uruguay,CORRECT
Uruguay,Uruguay,CORRECT
Uruguay,Uruguay,CORRECT
Uruguay,Uruguay,CORRECT
Uruguay,Uruguay,CORRECT
Uruguay,Uruguay,CORRECT
Chewing-gum,Uruguay,WRONG
Uruguay,Uruguay,CORRECT
Chewing-gum,Uruguay,WRONG
Chewing-gum,Uruguay,WRONG
Chewing-gum,Uruguay,WRONG
Chewing-gum,Uruguay,WRONG
Chewing-gum,Uruguay,WRONG
Uruguay,Uruguay,CORRECT
Uruguay,Uruguay,CORRECT
Uruguay,Uruguay,CORRECT
Uruguay,Uruguay,CORRECT
Uruguay,Uruguay,CORRECT
Uruguay,Uruguay,CORRECT
Uruguay,Uruguay,CORRECT
Uruguay,Uruguay,CORRECT
Uruguay,Uruguay,CORRECT
Uruguay,Uruguay,CORRECT
Uruguay,Uruguay,CORRECT
Uruguay,Uruguay,CORRECT
Uruguay,Uruguay,CORRECT
Uruguay,Uruguay,CORRECT
Uruguay,Uruguay,CORRECT
Country,Country,CORRECT
Country,Country,CORRECT
Country,Country,CORRECT
Country,Country,CORRECT
Country,Country,CORRECT
Country,Country,CORRECT
Country,Country,CORRECT
Country,Country,CORRECT
Country,Country,CORRECT
Country,Country,CORRECT
Country,Country,CORRECT
Country,Country,CORRECT
Country,Country,CORRECT
Country,Country,CORRECT
Country,Country,CORRECT
Country,Country,CORRECT
Country,Country,CORRECT
Country,Country,CORRECT
Country,Country,CORRECT
Country,Country,CORRECT
Country,Country,CORRECT
Country,Country,CORRECT
Country,Country,CORRECT
Country,Country,CORRECT
Country,Country,CORRECT
Country,Country,CORRECT
Country,Country,CORRECT
Country,Country,CORRECT
Country,Country,CORRECT
Country,Country,CORRECT
Country,Country,CORRECT
Country,Country,CORRECT
Country,Country,CORRECT
Country,Country,CORRECT
Country,Country,CORRECT
Country,Country,CORRECT
Country,Country,CORRECT
Country,Country,CORRECT
Country,Country,CORRECT
Country,Country,CORRECT
Country,Country,CORRECT
Country,Country,CORRECT
Country,Country,CORRECT
Country,Country,CORRECT
Country,Country,CORRECT
Country,Country,CORRECT
Country,Country,CORRECT
Country,Country,CORRECT
Country,Country,CORRECT
Country,Country,CORRECT
Last name,Last name,CORRECT
Last name,Last name,CORRECT
Last name,Last name,CORRECT
Last name,Last name,CORRECT
Last name,Last name,CORRECT
Last name,Last name,CORRECT
Last name,Last name,CORRECT
Last name,Last name,CORRECT
Last name,Last name,CORRECT
Last name,Last name,CORRECT
Last name,Last name,CORRECT
Last name,Last name,CORRECT
Last name,Last name,CORRECT
Last name,Last name,CORRECT
Last name,Last name,CORRECT
Last name,Last name,CORRECT
Last name,Last name,CORRECT
Last name,Last name,CORRECT
Last name,Last name,CORRECT
Last name,Last name,CORRECT
Call,Last name,WRONG
Last name,Last name,CORRECT
Last name,Last name,CORRECT
Last name,Last name,CORRECT
Last name,Last name,CORRECT
Last name,Last name,CORRECT
Last name,Last name,CORRECT
Call,Last name,WRONG
Last name,Last name,CORRECT
Last name,Last name,CORRECT
Last name,Last name,CORRECT
Last name,Last name,CORRECT
Last name,Last name,CORRECT
Last name,Last name,CORRECT
Last name,Last name,CORRECT
Last name,Last name,CORRECT
Last name,Last name,CORRECT
Last name,Last name,CORRECT
Last name,Last name,CORRECT
Last name,Last name,CORRECT
Last name,Last name,CORRECT
Last name,Last name,CORRECT
Last name,Last name,CORRECT
Last name,Last name,CORRECT
Last name,Last name,CORRECT
Last name,Last name,CORRECT
Last name,Last name,CORRECT
Last name,Last name,CORRECT
Last name,Last name,CORRECT
Last name,Last name,CORRECT
Where,Where,CORRECT
Where,Where,CORRECT
Where,Where,CORRECT
Where,Where,CORRECT
Where,Where,CORRECT
Where,Where,CORRECT
Where,Where,CORRECT
Where,Where,CORRECT
Where,Where,CORRECT
Where,Where,CORRECT
Where,Where,CORRECT
Where,Where,CORRECT
Where,Where,CORRECT
Where,Where,CORRECT
Where,Where,CORRECT
Where,Where,CORRECT
Where,Where,CORRECT
Where,Where,CORRECT
Where,Where,CORRECT
Where,Where,CORRECT
Where,Where,CORRECT
Where,Where,CORRECT
Where,Where,CORRECT
Where,Where,CORRECT
Where,Where,CORRECT
Where,Where,CORRECT
Where,Where,CORRECT
Where,Where,CORRECT
Where,Where,CORRECT
Where,Where,CORRECT
Where,Where,CORRECT
Where,Where,CORRECT
Where,Where,CORRECT
Where,Where,CORRECT
Where,Where,CORRECT
Where,Where,CORRECT
Where,Where,CORRECT
Where,Where,CORRECT
Where,Where,CORRECT
Where,Where,CORRECT
Where,Where,CORRECT
Where,Where,CORRECT
Where,Where,CORRECT
Where,Where,CORRECT
Where,Where,CORRECT
Where,Where,CORRECT
Where,Where,CORRECT
Where,Where,CORRECT
Where,Where,CORRECT
Patience,Where,WRONG
Mock,Mock,CORRECT
Mock,Mock,CORRECT
Mock,Mock,CORRECT
Mock,Mock,CORRECT
Mock,Mock,CORRECT
Mock,Mock,CORRECT
Mock,Mock,CORRECT
Mock,Mock,CORRECT
Mock,Mock,CORRECT
Mock,Mock,CORRECT
Mock,Mock,CORRECT
Mock,Mock,CORRECT
Mock,Mock,CORRECT
Mock,Mock,CORRECT
Mock,Mock,CORRECT
Mock,Mock,CORRECT
Mock,Mock,CORRECT
Mock,Mock,CORRECT
Mock,Mock,CORRECT
Mock,Mock,CORRECT
Mock,Mock,CORRECT
Mock,Mock,CORRECT
Mock,Mock,CORRECT
Mock,Mock,CORRECT
Mock,Mock,CORRECT
Mock,Mock,CORRECT
Mock,Mock,CORRECT
Mock,Mock,CORRECT
Mock,Mock,CORRECT
Mock,Mock,CORRECT
Mock,Mock,CORRECT
Mock,Mock,CORRECT
Mock,Mock,CORRECT
Mock,Mock,CORRECT
Mock,Mock,CORRECT
Mock,Mock,CORRECT
Mock,Mock,CORRECT
Mock,Mock,CORRECT
Mock,Mock,CORRECT
Mock,Mock,CORRECT
Mock,Mock,CORRECT
Mock,Mock,CORRECT
Mock,Mock,CORRECT
Mock,Mock,CORRECT
Mock,Mock,CORRECT
Mock,Mock,CORRECT
Mock,Mock,CORRECT
Mock,Mock,CORRECT
Mock,Mock,CORRECT
Mock,Mock,CORRECT
Birthday,Birthday,CORRECT
Birthday,Birthday,CORRECT
Birthday,Birthday,CORRECT
Birthday,Birthday,CORRECT
Birthday,Birthday,CORRECT
Birthday,Birthday,CORRECT
Birthday,Birthday,CORRECT
Birthday,Birthday,CORRECT
Birthday,Birthday,CORRECT
Birthday,Birthday,CORRECT
Birthday,Birthday,CORRECT
Birthday,Birthday,CORRECT
Birthday,Birthday,CORRECT
Birthday,Birthday,CORRECT
Birthday,Birthday,CORRECT
Birthday,Birthday,CORRECT
Birthday,Birthday,CORRECT
Birthday,Birthday,CORRECT
Birthday,Birthday,CORRECT
Birthday,Birthday,CORRECT
Birthday,Birthday,CORRECT
Birthday,Birthday,CORRECT
Birthday,Birthday,CORRECT
Birthday,Birthday,CORRECT
Birthday,Birthday,CORRECT
Birthday,Birthday,CORRECT
Birthday,Birthday,CORRECT
Birthday,Birthday,CORRECT
Birthday,Birthday,CORRECT
Birthday,Birthday,CORRECT
Birthday,Birthday,CORRECT
Birthday,Birthday,CORRECT
Birthday,Birthday,CORRECT
Birthday,Birthday,CORRECT
Birthday,Birthday,CORRECT
Birthday,Birthday,CORRECT
Birthday,Birthday,CORRECT
Birthday,Birthday,CORRECT
Birthday,Birthday,CORRECT
Birthday,Birthday,CORRECT
Birthday,Birthday,CORRECT
Birthday,Birthday,CORRECT
Birthday,Birthday,CORRECT
Birthday,Birthday,CORRECT
Birthday,Birthday,CORRECT
Birthday,Birthday,CORRECT
Birthday,Birthday,CORRECT
Birthday,Birthday,CORRECT
Birthday,Birthday,CORRECT
Birthday,Birthday,CORRECT
Breakfast,Breakfast,CORRECT
Breakfast,Breakfast,CORRECT
Breakfast,Breakfast,CORRECT
Breakfast,Breakfast,CORRECT
Breakfast,Breakfast,CORRECT
Breakfast,Breakfast,CORRECT
Breakfast,Breakfast,CORRECT
Breakfast,Breakfast,CORRECT
Breakfast,Breakfast,CORRECT
Breakfast,Breakfast,CORRECT
Breakfast,Breakfast,CORRECT
Breakfast,Breakfast,CORRECT
Breakfast,Breakfast,CORRECT
Breakfast,Breakfast,CORRECT
Breakfast,Breakfast,CORRECT
Breakfast,Breakfast,CORRECT
Breakfast,Breakfast,CORRECT
Breakfast,Breakfast,CORRECT
Breakfast,Breakfast,CORRECT
Breakfast,Breakfast,CORRECT
Breakfast,Breakfast,CORRECT
Breakfast,Breakfast,CORRECT
Breakfast,Breakfast,CORRECT
Breakfast,Breakfast,CORRECT
Breakfast,Breakfast,CORRECT
Breakfast,Breakfast,CORRECT
Breakfast,Breakfast,CORRECT
Breakfast,Breakfast,CORRECT
Breakfast,Breakfast,CORRECT
Breakfast,Breakfast,CORRECT
Breakfast,Breakfast,CORRECT
Breakfast,Breakfast,CORRECT
Breakfast,Breakfast,CORRECT
Breakfast,Breakfast,CORRECT
Breakfast,Breakfast,CORRECT
Breakfast,Breakfast,CORRECT
Breakfast,Breakfast,CORRECT
Breakfast,Breakfast,CORRECT
Breakfast,Breakfast,CORRECT
Breakfast,Breakfast,CORRECT
Breakfast,Breakfast,CORRECT
Breakfast,Breakfast,CORRECT
Breakfast,Breakfast,CORRECT
Breakfast,Breakfast,CORRECT
Breakfast,Breakfast,CORRECT
Breakfast,Breakfast,CORRECT
Breakfast,Breakfast,CORRECT
Breakfast,Breakfast,CORRECT
Breakfast,Breakfast,CORRECT
Breakfast,Breakfast,CORRECT
Photo,Photo,CORRECT
Photo,Photo,CORRECT
Photo,Photo,CORRECT
Photo,Photo,CORRECT
Photo,Photo,CORRECT
Photo,Photo,CORRECT
Photo,Photo,CORRECT
Photo,Photo,CORRECT
Photo,Photo,CORRECT
Photo,Photo,CORRECT
Photo,Photo,CORRECT
Photo,Photo,CORRECT
Photo,Photo,CORRECT
Photo,Photo,CORRECT
Photo,Photo,CORRECT
Photo,Photo,CORRECT
Photo,Photo,CORRECT
Photo,Photo,CORRECT
Photo,Photo,CORRECT
Photo,Photo,CORRECT
Photo,Photo,CORRECT
Photo,Photo,CORRECT
Photo,Photo,CORRECT
Photo,Photo,CORRECT
Photo,Photo,CORRECT
Photo,Photo,CORRECT
Photo,Photo,CORRECT
Photo,Photo,CORRECT
Photo,Photo,CORRECT
Photo,Photo,CORRECT
Photo,Photo,CORRECT
Photo,Photo,CORRECT
Photo,Photo,CORRECT
Photo,Photo,CORRECT
Photo,Photo,CORRECT
Photo,Photo,CORRECT
Photo,Photo,CORRECT
Photo,Photo,CORRECT
Photo,Photo,CORRECT
Photo,Photo,CORRECT
Photo,Photo,CORRECT
Photo,Photo,CORRECT
Photo,Photo,CORRECT
Photo,Photo,CORRECT
Photo,Photo,CORRECT
Photo,Photo,CORRECT
Photo,Photo,CORRECT
Photo,Photo,CORRECT
Photo,Photo,CORRECT
Photo,Photo,CORRECT
Hungry,Hungry,CORRECT
Hungry,Hungry,CORRECT
Hungry,Hungry,CORRECT
Hungry,Hungry,CORRECT
Hungry,Hungry,CORRECT
Hungry,Hungry,CORRECT
Hungry,Hungry,CORRECT
Hungry,Hungry,CORRECT
Hungry,Hungry,CORRECT
Hungry,Hungry,CORRECT
Hungry,Hungry,CORRECT
Hungry,Hungry,CORRECT
Hungry,Hungry,CORRECT
Hungry,Hungry,CORRECT
Hungry,Hungry,CORRECT
Hungry,Hungry,CORRECT
Hungry,Hungry,CORRECT
Hungry,Hungry,CORRECT
Hungry,Hungry,CORRECT
Hungry,Hungry,CORRECT
Hungry,Hungry,CORRECT
Hungry,Hungry,CORRECT
Hungry,Hungry,CORRECT
Hungry,Hungry,CORRECT
Hungry,Hungry,CORRECT
None,Hungry,WRONG
None,Hungry,WRONG
None,Hungry,WRONG
None,Hungry,WRONG
Hungry,Hungry,CORRECT
Hungry,Hungry,CORRECT
Hungry,Hungry,CORRECT
Hungry,Hungry,CORRECT
Hungry,Hungry,CORRECT
Hungry,Hungry,CORRECT
Hungry,Hungry,CORRECT
Hungry,Hungry,CORRECT
Hungry,Hungry,CORRECT
Hungry,Hungry,CORRECT
Hungry,Hungry,CORRECT
Hungry,Hungry,CORRECT
Hungry,Hungry,CORRECT
Hungry,Hungry,CORRECT
Hungry,Hungry,CORRECT
Hungry,Hungry,CORRECT
Hungry,Hungry,CORRECT
Hungry,Hungry,CORRECT
Hungry,Hungry,CORRECT
Hungry,Hungry,CORRECT
Hungry,Hungry,CORRECT
Map,Map,CORRECT
Map,Map,CORRECT
Map,Map,CORRECT
Map,Map,CORRECT
Map,Map,CORRECT
Map,Map,CORRECT
Map,Map,CORRECT
Map,Map,CORRECT
Map,Map,CORRECT
Map,Map,CORRECT
Map,Map,CORRECT
Map,Map,CORRECT
Map,Map,CORRECT
Map,Map,CORRECT
Map,Map,CORRECT
Map,Map,CORRECT
Map,Map,CORRECT
Map,Map,CORRECT
Map,Map,CORRECT
Map,Map,CORRECT
Map,Map,CORRECT
Map,Map,CORRECT
Map,Map,CORRECT
Map,Map,CORRECT
Map,Map,CORRECT
Map,Map,CORRECT
Map,Map,CORRECT
Map,Map,CORRECT
Map,Map,CORRECT
Map,Map,CORRECT
Map,Map,CORRECT
Map,Map,CORRECT
Map,Map,CORRECT
Map,Map,CORRECT
Map,Map,CORRECT
Map,Map,CORRECT
Map,Map,CORRECT
Map,Map,CORRECT
Map,Map,CORRECT
Map,Map,CORRECT
Map,Map,CORRECT
Map,Map,CORRECT
Map,Map,CORRECT
Map,Map,CORRECT
Map,Map,CORRECT
Map,Map,CORRECT
Map,Map,CORRECT
Map,Map,CORRECT
Map,Map,CORRECT
Map,Map,CORRECT
Coin,Coin,CORRECT
Coin,Coin,CORRECT
Coin,Coin,CORRECT
Coin,Coin,CORRECT
Coin,Coin,CORRECT
Coin,Coin,CORRECT
Coin,Coin,CORRECT
Coin,Coin,CORRECT
Coin,Coin,CORRECT
Coin,Coin,CORRECT
Coin,Coin,CORRECT
Coin,Coin,CORRECT
Coin,Coin,CORRECT
Coin,Coin,CORRECT
Coin,Coin,CORRECT
Coin,Coin,CORRECT
Coin,Coin,CORRECT
Coin,Coin,CORRECT
Coin,Coin,CORRECT
Coin,Coin,CORRECT
Coin,Coin,CORRECT
Coin,Coin,CORRECT
Coin,Coin,CORRECT
Coin,Coin,CORRECT
Coin,Coin,CORRECT
Coin,Coin,CORRECT
Coin,Coin,CORRECT
Coin,Coin,CORRECT
Coin,Coin,CORRECT
Coin,Coin,CORRECT
Coin,Coin,CORRECT
Coin,Coin,CORRECT
Coin,Coin,CORRECT
Coin,Coin,CORRECT
Coin,Coin,CORRECT
Coin,Coin,CORRECT
Coin,Coin,CORRECT
Coin,Coin,CORRECT
Coin,Coin,CORRECT
Coin,Coin,CORRECT
Coin,Coin,CORRECT
Coin,Coin,CORRECT
Coin,Coin,CORRECT
Coin,Coin,CORRECT
Coin,Coin,CORRECT
Coin,Coin,CORRECT
Coin,Coin,CORRECT
Coin,Coin,CORRECT
Coin,Coin,CORRECT
Coin,Coin,CORRECT
Music,Music,CORRECT
Music,Music,CORRECT
Music,Music,CORRECT
Music,Music,CORRECT
Music,Music,CORRECT
Music,Music,CORRECT
Music,Music,CORRECT
Music,Music,CORRECT
Music,Music,CORRECT
Music,Music,CORRECT
Music,Music,CORRECT
Music,Music,CORRECT
Music,Music,CORRECT
Music,Music,CORRECT
Music,Music,CORRECT
Music,Music,CORRECT
Music,Music,CORRECT
Music,Music,CORRECT
Music,Music,CORRECT
Music,Music,CORRECT
Music,Music,CORRECT
Music,Music,CORRECT
Music,Music,CORRECT
Music,Music,CORRECT
Music,Music,CORRECT
Music,Music,CORRECT
Music,Music,CORRECT
Music,Music,CORRECT
Music,Music,CORRECT
Music,Music,CORRECT
Music,Music,CORRECT
Music,Music,CORRECT
Music,Music,CORRECT
Music,Music,CORRECT
Music,Music,CORRECT
Music,Music,CORRECT
Music,Music,CORRECT
Music,Music,CORRECT
Music,Music,CORRECT
Music,Music,CORRECT
Music,Music,CORRECT
Music,Music,CORRECT
Music,Music,CORRECT
Music,Music,CORRECT
Music,Music,CORRECT
Music,Music,CORRECT
Music,Music,CORRECT
Music,Music,CORRECT
Music,Music,CORRECT
Music,Music,CORRECT
Ship,Ship,CORRECT
Ship,Ship,CORRECT
Ship,Ship,CORRECT
Ship,Ship,CORRECT
Ship,Ship,CORRECT
Ship,Ship,CORRECT
Ship,Ship,CORRECT
Ship,Ship,CORRECT
Ship,Ship,CORRECT
Ship,Ship,CORRECT
Ship,Ship,CORRECT
Ship,Ship,CORRECT
Ship,Ship,CORRECT
Ship,Ship,CORRECT
Ship,Ship,CORRECT
Ship,Ship,CORRECT
Ship,Ship,CORRECT
Ship,Ship,CORRECT
Ship,Ship,CORRECT
Ship,Ship,CORRECT
Ship,Ship,CORRECT
Ship,Ship,CORRECT
Ship,Ship,CORRECT
Ship,Ship,CORRECT
Ship,Ship,CORRECT
Ship,Ship,CORRECT
Ship,Ship,CORRECT
Ship,Ship,CORRECT
Ship,Ship,CORRECT
Ship,Ship,CORRECT
Ship,Ship,CORRECT
Ship,Ship,CORRECT
Ship,Ship,CORRECT
Ship,Ship,CORRECT
Ship,Ship,CORRECT
Ship,Ship,CORRECT
Ship,Ship,CORRECT
Ship,Ship,CORRECT
Ship,Ship,CORRECT
Ship,Ship,CORRECT
Ship,Ship,CORRECT
Ship,Ship,CORRECT
Ship,Ship,CORRECT
Ship,Ship,CORRECT
Ship,Ship,CORRECT
Ship,Ship,CORRECT
Ship,Ship,CORRECT
Ship,Ship,CORRECT
Ship,Ship,CORRECT
Ship,Ship,CORRECT
Nada,Nada,CORRECT
Nada,Nada,CORRECT
Nada,Nada,CORRECT
Nada,Nada,CORRECT
Nada,Nada,CORRECT
Nada,Nada,CORRECT
Nada,Nada,CORRECT
Nada,Nada,CORRECT
Nada,Nada,CORRECT
Nada,Nada,CORRECT
Nada,Nada,CORRECT
Nada,Nada,CORRECT
Nada,Nada,CORRECT
Nada,Nada,CORRECT
Nada,Nada,CORRECT
Nada,Nada,CORRECT
Nada,Nada,CORRECT
Nada,Nada,CORRECT
Nada,Nada,CORRECT
Nada,Nada,CORRECT
Nada,Nada,CORRECT
Nada,Nada,CORRECT
Nada,Nada,CORRECT
Nada,Nada,CORRECT
Nada,Nada,CORRECT
Nada,Nada,CORRECT
Nada,Nada,CORRECT
Nada,Nada,CORRECT
Nada,Nada,CORRECT
Nada,Nada,CORRECT
Nada,Nada,CORRECT
Nada,Nada,CORRECT
Nada,Nada,CORRECT
Nada,Nada,CORRECT
Nada,Nada,CORRECT
Nada,Nada,CORRECT
Nada,Nada,CORRECT
Nada,Nada,CORRECT
Nada,Nada,CORRECT
Nada,Nada,CORRECT
Nada,Nada,CORRECT
Nada,Nada,CORRECT
Nada,Nada,CORRECT
Nada,Nada,CORRECT
Nada,Nada,CORRECT
Nada,Nada,CORRECT
Nada,Nada,CORRECT
Nada,Nada,CORRECT
Nada,Nada,CORRECT
Nada,Nada,CORRECT
Name,Name,CORRECT
Name,Name,CORRECT
Name,Name,CORRECT
Name,Name,CORRECT
Name,Name,CORRECT
Name,Name,CORRECT
Name,Name,CORRECT
Name,Name,CORRECT
Name,Name,CORRECT
Name,Name,CORRECT
Name,Name,CORRECT
Name,Name,CORRECT
Name,Name,CORRECT
Name,Name,CORRECT
Name,Name,CORRECT
Name,Name,CORRECT
Name,Name,CORRECT
Name,Name,CORRECT
Name,Name,CORRECT
Name,Name,CORRECT
Name,Name,CORRECT
Name,Name,CORRECT
Name,Name,CORRECT
Name,Name,CORRECT
Name,Name,CORRECT
Name,Name,CORRECT
Name,Name,CORRECT
Name,Name,CORRECT
Name,Name,CORRECT
Name,Name,CORRECT
Name,Name,CORRECT
Name,Name,CORRECT
Name,Name,CORRECT
Name,Name,CORRECT
Name,Name,CORRECT
Name,Name,CORRECT
Name,Name,CORRECT
Name,Name,CORRECT
Name,Name,CORRECT
Name,Name,CORRECT
Name,Name,CORRECT
Name,Name,CORRECT
Name,Name,CORRECT
Name,Name,CORRECT
Name,Name,CORRECT
Name,Name,CORRECT
Name,Name,CORRECT
Name,Name,CORRECT
Name,Name,CORRECT
Name,Name,CORRECT
Patience,Patience,CORRECT
Patience,Patience,CORRECT
Patience,Patience,CORRECT
Patience,Patience,CORRECT
Patience,Patience,CORRECT
Patience,Patience,CORRECT
Patience,Patience,CORRECT
Patience,Patience,CORRECT
Patience,Patience,CORRECT
Patience,Patience,CORRECT
Patience,Patience,CORRECT
Patience,Patience,CORRECT
Patience,Patience,CORRECT
Patience,Patience,CORRECT
Patience,Patience,CORRECT
Patience,Patience,CORRECT
Patience,Patience,CORRECT
Patience,Patience,CORRECT
Patience,Patience,CORRECT
Patience,Patience,CORRECT
Patience,Patience,CORRECT
Patience,Patience,CORRECT
Patience,Patience,CORRECT
Patience,Patience,CORRECT
Patience,Patience,CORRECT
Patience,Patience,CORRECT
Patience,Patience,CORRECT
Patience,Patience,CORRECT
Patience,Patience,CORRECT
Patience,Patience,CORRECT
Patience,Patience,CORRECT
Patience,Patience,CORRECT
Patience,Patience,CORRECT
Patience,Patience,CORRECT
Patience,Patience,CORRECT
Patience,Patience,CORRECT
Patience,Patience,CORRECT
Patience,Patience,CORRECT
Patience,Patience,CORRECT
Patience,Patience,CORRECT
Patience,Patience,CORRECT
Patience,Patience,CORRECT
Patience,Patience,CORRECT
Patience,Patience,CORRECT
Patience,Patience,CORRECT
Patience,Patience,CORRECT
Patience,Patience,CORRECT
Patience,Patience,CORRECT
Patience,Patience,CORRECT
Patience,Patience,CORRECT
Perfume,Perfume,CORRECT
Perfume,Perfume,CORRECT
Perfume,Perfume,CORRECT
Perfume,Perfume,CORRECT
Perfume,Perfume,CORRECT
Perfume,Perfume,CORRECT
Perfume,Perfume,CORRECT
Perfume,Perfume,CORRECT
Perfume,Perfume,CORRECT
Perfume,Perfume,CORRECT
Enemy,Perfume,WRONG
Perfume,Perfume,CORRECT
Perfume,Perfume,CORRECT
Perfume,Perfume,CORRECT
Perfume,Perfume,CORRECT
Perfume,Perfume,CORRECT
Perfume,Perfume,CORRECT
Perfume,Perfume,CORRECT
Perfume,Perfume,CORRECT
Perfume,Perfume,CORRECT
Perfume,Perfume,CORRECT
Perfume,Perfume,CORRECT
Perfume,Perfume,CORRECT
Light-blue,Perfume,WRONG
Perfume,Perfume,CORRECT
Perfume,Perfume,CORRECT
Perfume,Perfume,CORRECT
Perfume,Perfume,CORRECT
Perfume,Perfume,CORRECT
Perfume,Perfume,CORRECT
Perfume,Perfume,CORRECT
Perfume,Perfume,CORRECT
Perfume,Perfume,CORRECT
Perfume,Perfume,CORRECT
Perfume,Perfume,CORRECT
Perfume,Perfume,CORRECT
Perfume,Perfume,CORRECT
Perfume,Perfume,CORRECT
Perfume,Perfume,CORRECT
Perfume,Perfume,CORRECT
Perfume,Perfume,CORRECT
Perfume,Perfume,CORRECT
Perfume,Perfume,CORRECT
Perfume,Perfume,CORRECT
Perfume,Perfume,CORRECT
Perfume,Perfume,CORRECT
Perfume,Perfume,CORRECT
Perfume,Perfume,CORRECT
Perfume,Perfume,CORRECT
Perfume,Perfume,CORRECT
Deaf,Deaf,CORRECT
Deaf,Deaf,CORRECT
Deaf,Deaf,CORRECT
Deaf,Deaf,CORRECT
Deaf,Deaf,CORRECT
Deaf,Deaf,CORRECT
Deaf,Deaf,CORRECT
Deaf,Deaf,CORRECT
Deaf,Deaf,CORRECT
Deaf,Deaf,CORRECT
Deaf,Deaf,CORRECT
Deaf,Deaf,CORRECT
Deaf,Deaf,CORRECT
Deaf,Deaf,CORRECT
Deaf,Deaf,CORRECT
Deaf,Deaf,CORRECT
Deaf,Deaf,CORRECT
Deaf,Deaf,CORRECT
Deaf,Deaf,CORRECT
Deaf,Deaf,CORRECT
Deaf,Deaf,CORRECT
Deaf,Deaf,CORRECT
Deaf,Deaf,CORRECT
Deaf,Deaf,CORRECT
Deaf,Deaf,CORRECT
Deaf,Deaf,CORRECT
Deaf,Deaf,CORRECT
Deaf,Deaf,CORRECT
Deaf,Deaf,CORRECT
Deaf,Deaf,CORRECT
Deaf,Deaf,CORRECT
Deaf,Deaf,CORRECT
Deaf,Deaf,CORRECT
Deaf,Deaf,CORRECT
Deaf,Deaf,CORRECT
Patience,Deaf,WRONG
Patience,Deaf,WRONG
Deaf,Deaf,CORRECT
Deaf,Deaf,CORRECT
Deaf,Deaf,CORRECT
Deaf,Deaf,CORRECT
Deaf,Deaf,CORRECT
Deaf,Deaf,CORRECT
Deaf,Deaf,CORRECT
Deaf,Deaf,CORRECT
Deaf,Deaf,CORRECT
Deaf,Deaf,CORRECT
Deaf,Deaf,CORRECT
Deaf,Deaf,CORRECT
Deaf,Deaf,CORRECT
Trap,Trap,CORRECT
Trap,Trap,CORRECT
Trap,Trap,CORRECT
Trap,Trap,CORRECT
Trap,Trap,CORRECT
Trap,Trap,CORRECT
Trap,Trap,CORRECT
Trap,Trap,CORRECT
Trap,Trap,CORRECT
Trap,Trap,CORRECT
Trap,Trap,CORRECT
Trap,Trap,CORRECT
Trap,Trap,CORRECT
Trap,Trap,CORRECT
Trap,Trap,CORRECT
Trap,Trap,CORRECT
Trap,Trap,CORRECT
Trap,Trap,CORRECT
Trap,Trap,CORRECT
Trap,Trap,CORRECT
Trap,Trap,CORRECT
Trap,Trap,CORRECT
Trap,Trap,CORRECT
Trap,Trap,CORRECT
Trap,Trap,CORRECT
Trap,Trap,CORRECT
Trap,Trap,CORRECT
Trap,Trap,CORRECT
Trap,Trap,CORRECT
Trap,Trap,CORRECT
Trap,Trap,CORRECT
Trap,Trap,CORRECT
Trap,Trap,CORRECT
Trap,Trap,CORRECT
Trap,Trap,CORRECT
Trap,Trap,CORRECT
Trap,Trap,CORRECT
Trap,Trap,CORRECT
Trap,Trap,CORRECT
Trap,Trap,CORRECT
Trap,Trap,CORRECT
Trap,Trap,CORRECT
Trap,Trap,CORRECT
Trap,Trap,CORRECT
Trap,Trap,CORRECT
Trap,Trap,CORRECT
Trap,Trap,CORRECT
Trap,Trap,CORRECT
Trap,Trap,CORRECT
Trap,Trap,CORRECT
Rice,Rice,CORRECT
Rice,Rice,CORRECT
Rice,Rice,CORRECT
Rice,Rice,CORRECT
Rice,Rice,CORRECT
Rice,Rice,CORRECT
Rice,Rice,CORRECT
Rice,Rice,CORRECT
Rice,Rice,CORRECT
Rice,Rice,CORRECT
Rice,Rice,CORRECT
Rice,Rice,CORRECT
Rice,Rice,CORRECT
Rice,Rice,CORRECT
Rice,Rice,CORRECT
Rice,Rice,CORRECT
Rice,Rice,CORRECT
Rice,Rice,CORRECT
Rice,Rice,CORRECT
Rice,Rice,CORRECT
Rice,Rice,CORRECT
Rice,Rice,CORRECT
Rice,Rice,CORRECT
Rice,Rice,CORRECT
Rice,Rice,CORRECT
Rice,Rice,CORRECT
Rice,Rice,CORRECT
Rice,Rice,CORRECT
Rice,Rice,CORRECT
Rice,Rice,CORRECT
Rice,Rice,CORRECT
Rice,Rice,CORRECT
Rice,Rice,CORRECT
Rice,Rice,CORRECT
Rice,Rice,CORRECT
To land,Rice,WRONG
Rice,Rice,CORRECT
Rice,Rice,CORRECT
Rice,Rice,CORRECT
Rice,Rice,CORRECT
Rice,Rice,CORRECT
Rice,Rice,CORRECT
Rice,Rice,CORRECT
Rice,Rice,CORRECT
Rice,Rice,CORRECT
Rice,Rice,CORRECT
Rice,Rice,CORRECT
Rice,Rice,CORRECT
Rice,Rice,CORRECT
Rice,Rice,CORRECT
Barbecue,Barbecue,CORRECT
Barbecue,Barbecue,CORRECT
Barbecue,Barbecue,CORRECT
Barbecue,Barbecue,CORRECT
Barbecue,Barbecue,CORRECT
Barbecue,Barbecue,CORRECT
Barbecue,Barbecue,CORRECT
Barbecue,Barbecue,CORRECT
Barbecue,Barbecue,CORRECT
Barbecue,Barbecue,CORRECT
Barbecue,Barbecue,CORRECT
Barbecue,Barbecue,CORRECT
Barbecue,Barbecue,CORRECT
Barbecue,Barbecue,CORRECT
Barbecue,Barbecue,CORRECT
Barbecue,Barbecue,CORRECT
Barbecue,Barbecue,CORRECT
Barbecue,Barbecue,CORRECT
Barbecue,Barbecue,CORRECT
Barbecue,Barbecue,CORRECT
Barbecue,Barbecue,CORRECT
Barbecue,Barbecue,CORRECT
Barbecue,Barbecue,CORRECT
Barbecue,Barbecue,CORRECT
Barbecue,Barbecue,CORRECT
Barbecue,Barbecue,CORRECT
Barbecue,Barbecue,CORRECT
Barbecue,Barbecue,CORRECT
Barbecue,Barbecue,CORRECT
Barbecue,Barbecue,CORRECT
Barbecue,Barbecue,CORRECT
Barbecue,Barbecue,CORRECT
Barbecue,Barbecue,CORRECT
Barbecue,Barbecue,CORRECT
Barbecue,Barbecue,CORRECT
Barbecue,Barbecue,CORRECT
Barbecue,Barbecue,CORRECT
Barbecue,Barbecue,CORRECT
Barbecue,Barbecue,CORRECT
Barbecue,Barbecue,CORRECT
Barbecue,Barbecue,CORRECT
Barbecue,Barbecue,CORRECT
Barbecue,Barbecue,CORRECT
Barbecue,Barbecue,CORRECT
Barbecue,Barbecue,CORRECT
Barbecue,Barbecue,CORRECT
Barbecue,Barbecue,CORRECT
Barbecue,Barbecue,CORRECT
Barbecue,Barbecue,CORRECT
Barbecue,Barbecue,CORRECT
Deaf,Candy,WRONG
Candy,Candy,CORRECT
Candy,Candy,CORRECT
Candy,Candy,CORRECT
Deaf,Candy,WRONG
Candy,Candy,CORRECT
Candy,Candy,CORRECT
Candy,Candy,CORRECT
Candy,Candy,CORRECT
Candy,Candy,CORRECT
Candy,Candy,CORRECT
Candy,Candy,CORRECT
Candy,Candy,CORRECT
Candy,Candy,CORRECT
Candy,Candy,CORRECT
Candy,Candy,CORRECT
Candy,Candy,CORRECT
Candy,Candy,CORRECT
Candy,Candy,CORRECT
Candy,Candy,CORRECT
Candy,Candy,CORRECT
Candy,Candy,CORRECT
Candy,Candy,CORRECT
Candy,Candy,CORRECT
Candy,Candy,CORRECT
Candy,Candy,CORRECT
Candy,Candy,CORRECT
Candy,Candy,CORRECT
Candy,Candy,CORRECT
Candy,Candy,CORRECT
Candy,Candy,CORRECT
Candy,Candy,CORRECT
Candy,Candy,CORRECT
Candy,Candy,CORRECT
Candy,Candy,CORRECT
Candy,Candy,CORRECT
Candy,Candy,CORRECT
Candy,Candy,CORRECT
Candy,Candy,CORRECT
Candy,Candy,CORRECT
Candy,Candy,CORRECT
Candy,Candy,CORRECT
Candy,Candy,CORRECT
Candy,Candy,CORRECT
Candy,Candy,CORRECT
Candy,Candy,CORRECT
Candy,Candy,CORRECT
Candy,Candy,CORRECT
Candy,Candy,CORRECT
Candy,Candy,CORRECT
Chewing-gum,Chewing-gum,CORRECT
Chewing-gum,Chewing-gum,CORRECT
Chewing-gum,Chewing-gum,CORRECT
Chewing-gum,Chewing-gum,CORRECT
Chewing-gum,Chewing-gum,CORRECT
Chewing-gum,Chewing-gum,CORRECT
Chewing-gum,Chewing-gum,CORRECT
Chewing-gum,Chewing-gum,CORRECT
Chewing-gum,Chewing-gum,CORRECT
Chewing-gum,Chewing-gum,CORRECT
Chewing-gum,Chewing-gum,CORRECT
Chewing-gum,Chewing-gum,CORRECT
Chewing-gum,Chewing-gum,CORRECT
Chewing-gum,Chewing-gum,CORRECT
Chewing-gum,Chewing-gum,CORRECT
Chewing-gum,Chewing-gum,CORRECT
Chewing-gum,Chewing-gum,CORRECT
Chewing-gum,Chewing-gum,CORRECT
Chewing-gum,Chewing-gum,CORRECT
Chewing-gum,Chewing-gum,CORRECT
Chewing-gum,Chewing-gum,CORRECT
Chewing-gum,Chewing-gum,CORRECT
Chewing-gum,Chewing-gum,CORRECT
Chewing-gum,Chewing-gum,CORRECT
Chewing-gum,Chewing-gum,CORRECT
Chewing-gum,Chewing-gum,CORRECT
Chewing-gum,Chewing-gum,CORRECT
Chewing-gum,Chewing-gum,CORRECT
Chewing-gum,Chewing-gum,CORRECT
Chewing-gum,Chewing-gum,CORRECT
Chewing-gum,Chewing-gum,CORRECT
Chewing-gum,Chewing-gum,CORRECT
Chewing-gum,Chewing-gum,CORRECT
Chewing-gum,Chewing-gum,CORRECT
Chewing-gum,Chewing-gum,CORRECT
Chewing-gum,Chewing-gum,CORRECT
Chewing-gum,Chewing-gum,CORRECT
Chewing-gum,Chewing-gum,CORRECT
Chewing-gum,Chewing-gum,CORRECT
Chewing-gum,Chewing-gum,CORRECT
Chewing-gum,Chewing-gum,CORRECT
Chewing-gum,Chewing-gum,CORRECT
Chewing-gum,Chewing-gum,CORRECT
Chewing-gum,Chewing-gum,CORRECT
Chewing-gum,Chewing-gum,CORRECT
Chewing-gum,Chewing-gum,CORRECT
Chewing-gum,Chewing-gum,CORRECT
Chewing-gum,Chewing-gum,CORRECT
Chewing-gum,Chewing-gum,CORRECT
Chewing-gum,Chewing-gum,CORRECT
Spaghetti,Spaghetti,CORRECT
Spaghetti,Spaghetti,CORRECT
Spaghetti,Spaghetti,CORRECT
Spaghetti,Spaghetti,CORRECT
Spaghetti,Spaghetti,CORRECT
Spaghetti,Spaghetti,CORRECT
Spaghetti,Spaghetti,CORRECT
Spaghetti,Spaghetti,CORRECT
Spaghetti,Spaghetti,CORRECT
Spaghetti,Spaghetti,CORRECT
Spaghetti,Spaghetti,CORRECT
Spaghetti,Spaghetti,CORRECT
Spaghetti,Spaghetti,CORRECT
Spaghetti,Spaghetti,CORRECT
Spaghetti,Spaghetti,CORRECT
Spaghetti,Spaghetti,CORRECT
Spaghetti,Spaghetti,CORRECT
Spaghetti,Spaghetti,CORRECT
Spaghetti,Spaghetti,CORRECT
Spaghetti,Spaghetti,CORRECT
Spaghetti,Spaghetti,CORRECT
Spaghetti,Spaghetti,CORRECT
Spaghetti,Spaghetti,CORRECT
Spaghetti,Spaghetti,CORRECT
Spaghetti,Spaghetti,CORRECT
Spaghetti,Spaghetti,CORRECT
Spaghetti,Spaghetti,CORRECT
Spaghetti,Spaghetti,CORRECT
Spaghetti,Spaghetti,CORRECT
Spaghetti,Spaghetti,CORRECT
Spaghetti,Spaghetti,CORRECT
Spaghetti,Spaghetti,CORRECT
Spaghetti,Spaghetti,CORRECT
Spaghetti,Spaghetti,CORRECT
Spaghetti,Spaghetti,CORRECT
Spaghetti,Spaghetti,CORRECT
Spaghetti,Spaghetti,CORRECT
Spaghetti,Spaghetti,CORRECT
Spaghetti,Spaghetti,CORRECT
Spaghetti,Spaghetti,CORRECT
Spaghetti,Spaghetti,CORRECT
Spaghetti,Spaghetti,CORRECT
Spaghetti,Spaghetti,CORRECT
Spaghetti,Spaghetti,CORRECT
Spaghetti,Spaghetti,CORRECT
Spaghetti,Spaghetti,CORRECT
Spaghetti,Spaghetti,CORRECT
Spaghetti,Spaghetti,CORRECT
Spaghetti,Spaghetti,CORRECT
Spaghetti,Spaghetti,CORRECT
Yogurt,Yogurt,CORRECT
Yogurt,Yogurt,CORRECT
Yogurt,Yogurt,CORRECT
Yogurt,Yogurt,CORRECT
Yogurt,Yogurt,CORRECT
Yogurt,Yogurt,CORRECT
Yogurt,Yogurt,CORRECT
Yogurt,Yogurt,CORRECT
Yogurt,Yogurt,CORRECT
Yogurt,Yogurt,CORRECT
Yogurt,Yogurt,CORRECT
Yogurt,Yogurt,CORRECT
Yogurt,Yogurt,CORRECT
Yogurt,Yogurt,CORRECT
Yogurt,Yogurt,CORRECT
Yogurt,Yogurt,CORRECT
Yogurt,Yogurt,CORRECT
Yogurt,Yogurt,CORRECT
Yogurt,Yogurt,CORRECT
Yogurt,Yogurt,CORRECT
Yogurt,Yogurt,CORRECT
Yogurt,Yogurt,CORRECT
Yogurt,Yogurt,CORRECT
Yogurt,Yogurt,CORRECT
Yogurt,Yogurt,CORRECT
Yogurt,Yogurt,CORRECT
Yogurt,Yogurt,CORRECT
Yogurt,Yogurt,CORRECT
Yogurt,Yogurt,CORRECT
Yogurt,Yogurt,CORRECT
Yogurt,Yogurt,CORRECT
Yogurt,Yogurt,CORRECT
Yogurt,Yogurt,CORRECT
Yogurt,Yogurt,CORRECT
Yogurt,Yogurt,CORRECT
Yogurt,Yogurt,CORRECT
Yogurt,Yogurt,CORRECT
Yogurt,Yogurt,CORRECT
Yogurt,Yogurt,CORRECT
Yogurt,Yogurt,CORRECT
Yogurt,Yogurt,CORRECT
Yogurt,Yogurt,CORRECT
Yogurt,Yogurt,CORRECT
Yogurt,Yogurt,CORRECT
Yogurt,Yogurt,CORRECT
Yogurt,Yogurt,CORRECT
Yogurt,Yogurt,CORRECT
Yogurt,Yogurt,CORRECT
Yogurt,Yogurt,CORRECT
Yogurt,Yogurt,CORRECT
Accept,Accept,CORRECT
Accept,Accept,CORRECT
Accept,Accept,CORRECT
Accept,Accept,CORRECT
Accept,Accept,CORRECT
Accept,Accept,CORRECT
Accept,Accept,CORRECT
Accept,Accept,CORRECT
Accept,Accept,CORRECT
Accept,Accept,CORRECT
Accept,Accept,CORRECT
Accept,Accept,CORRECT
Accept,Accept,CORRECT
Accept,Accept,CORRECT
Accept,Accept,CORRECT
Accept,Accept,CORRECT
Accept,Accept,CORRECT
Accept,Accept,CORRECT
Accept,Accept,CORRECT
Accept,Accept,CORRECT
Accept,Accept,CORRECT
Accept,Accept,CORRECT
Accept,Accept,CORRECT
Accept,Accept,CORRECT
Accept,Accept,CORRECT
Accept,Accept,CORRECT
Accept,Accept,CORRECT
Accept,Accept,CORRECT
Accept,Accept,CORRECT
Accept,Accept,CORRECT
Accept,Accept,CORRECT
Accept,Accept,CORRECT
Accept,Accept,CORRECT
Accept,Accept,CORRECT
Accept,Accept,CORRECT
Accept,Accept,CORRECT
Accept,Accept,CORRECT
Accept,Accept,CORRECT
Accept,Accept,CORRECT
Accept,Accept,CORRECT
Run,Accept,WRONG
Accept,Accept,CORRECT
Accept,Accept,CORRECT
Accept,Accept,CORRECT
Accept,Accept,CORRECT
Accept,Accept,CORRECT
Accept,Accept,CORRECT
Accept,Accept,CORRECT
Accept,Accept,CORRECT
Accept,Accept,CORRECT
Thanks,Thanks,CORRECT
Thanks,Thanks,CORRECT
Thanks,Thanks,CORRECT
Thanks,Thanks,CORRECT
Thanks,Thanks,CORRECT
Thanks,Thanks,CORRECT
Thanks,Thanks,CORRECT
Thanks,Thanks,CORRECT
Thanks,Thanks,CORRECT
Thanks,Thanks,CORRECT
Thanks,Thanks,CORRECT
Thanks,Thanks,CORRECT
Thanks,Thanks,CORRECT
Thanks,Thanks,CORRECT
Thanks,Thanks,CORRECT
Thanks,Thanks,CORRECT
Thanks,Thanks,CORRECT
Thanks,Thanks,CORRECT
Thanks,Thanks,CORRECT
Thanks,Thanks,CORRECT
Thanks,Thanks,CORRECT
Thanks,Thanks,CORRECT
Give,Thanks,WRONG
Thanks,Thanks,CORRECT
Thanks,Thanks,CORRECT
Thanks,Thanks,CORRECT
Thanks,Thanks,CORRECT
Thanks,Thanks,CORRECT
Thanks,Thanks,CORRECT
Thanks,Thanks,CORRECT
Thanks,Thanks,CORRECT
Thanks,Thanks,CORRECT
Thanks,Thanks,CORRECT
Thanks,Thanks,CORRECT
Thanks,Thanks,CORRECT
Thanks,Thanks,CORRECT
Thanks,Thanks,CORRECT
Thanks,Thanks,CORRECT
Thanks,Thanks,CORRECT
Thanks,Thanks,CORRECT
Thanks,Thanks,CORRECT
Thanks,Thanks,CORRECT
Thanks,Thanks,CORRECT
Thanks,Thanks,CORRECT
Thanks,Thanks,CORRECT
Thanks,Thanks,CORRECT
Thanks,Thanks,CORRECT
Thanks,Thanks,CORRECT
Thanks,Thanks,CORRECT
Thanks,Thanks,CORRECT
Shut down,Shut down,CORRECT
Shut down,Shut down,CORRECT
Shut down,Shut down,CORRECT
Shut down,Shut down,CORRECT
Shut down,Shut down,CORRECT
Shut down,Shut down,CORRECT
Shut down,Shut down,CORRECT
Shut down,Shut down,CORRECT
Shut down,Shut down,CORRECT
Shut down,Shut down,CORRECT
Shut down,Shut down,CORRECT
Shut down,Shut down,CORRECT
Shut down,Shut down,CORRECT
Shut down,Shut down,CORRECT
Shut down,Shut down,CORRECT
Shut down,Shut down,CORRECT
Shut down,Shut down,CORRECT
Shut down,Shut down,CORRECT
Shut down,Shut down,CORRECT
Shut down,Shut down,CORRECT
Shut down,Shut down,CORRECT
Shut down,Shut down,CORRECT
Shut down,Shut down,CORRECT
Shut down,Shut down,CORRECT
Shut down,Shut down,CORRECT
Shut down,Shut down,CORRECT
Shut down,Shut down,CORRECT
Shut down,Shut down,CORRECT
Shut down,Shut down,CORRECT
Shut down,Shut down,CORRECT
Shut down,Shut down,CORRECT
Shut down,Shut down,CORRECT
Shut down,Shut down,CORRECT
Shut down,Shut down,CORRECT
Shut down,Shut down,CORRECT
Shut down,Shut down,CORRECT
Shut down,Shut down,CORRECT
Shut down,Shut down,CORRECT
Shut down,Shut down,CORRECT
Shut down,Shut down,CORRECT
Shut down,Shut down,CORRECT
Shut down,Shut down,CORRECT
Shut down,Shut down,CORRECT
Shut down,Shut down,CORRECT
Shut down,Shut down,CORRECT
Shut down,Shut down,CORRECT
Shut down,Shut down,CORRECT
Shut down,Shut down,CORRECT
Shut down,Shut down,CORRECT
Shut down,Shut down,CORRECT
Appear,Appear,CORRECT
Appear,Appear,CORRECT
Appear,Appear,CORRECT
Appear,Appear,CORRECT
Appear,Appear,CORRECT
Appear,Appear,CORRECT
Appear,Appear,CORRECT
Appear,Appear,CORRECT
Appear,Appear,CORRECT
Appear,Appear,CORRECT
Appear,Appear,CORRECT
Appear,Appear,CORRECT
Appear,Appear,CORRECT
Appear,Appear,CORRECT
Appear,Appear,CORRECT
Appear,Appear,CORRECT
Appear,Appear,CORRECT
Appear,Appear,CORRECT
Appear,Appear,CORRECT
Appear,Appear,CORRECT
Appear,Appear,CORRECT
Appear,Appear,CORRECT
Appear,Appear,CORRECT
Appear,Appear,CORRECT
Appear,Appear,CORRECT
Appear,Appear,CORRECT
Appear,Appear,CORRECT
Appear,Appear,CORRECT
Appear,Appear,CORRECT
Appear,Appear,CORRECT
Appear,Appear,CORRECT
Appear,Appear,CORRECT
Appear,Appear,CORRECT
Appear,Appear,CORRECT
Appear,Appear,CORRECT
Appear,Appear,CORRECT
Appear,Appear,CORRECT
Appear,Appear,CORRECT
Appear,Appear,CORRECT
Appear,Appear,CORRECT
Appear,Appear,CORRECT
Appear,Appear,CORRECT
Appear,Appear,CORRECT
Appear,Appear,CORRECT
Appear,Appear,CORRECT
Appear,Appear,CORRECT
Appear,Appear,CORRECT
Appear,Appear,CORRECT
Appear,Appear,CORRECT
Appear,Appear,CORRECT
To land,To land,CORRECT
To land,To land,CORRECT
To land,To land,CORRECT
To land,To land,CORRECT
To land,To land,CORRECT
To land,To land,CORRECT
To land,To land,CORRECT
To land,To land,CORRECT
To land,To land,CORRECT
To land,To land,CORRECT
To land,To land,CORRECT
To land,To land,CORRECT
To land,To land,CORRECT
To land,To land,CORRECT
To land,To land,CORRECT
To land,To land,CORRECT
To land,To land,CORRECT
To land,To land,CORRECT
To land,To land,CORRECT
To land,To land,CORRECT
To land,To land,CORRECT
To land,To land,CORRECT
To land,To land,CORRECT
To land,To land,CORRECT
To land,To land,CORRECT
To land,To land,CORRECT
To land,To land,CORRECT
To land,To land,CORRECT
To land,To land,CORRECT
To land,To land,CORRECT
To land,To land,CORRECT
Chewing-gum,To land,WRONG
To land,To land,CORRECT
To land,To land,CORRECT
To land,To land,CORRECT
To land,To land,CORRECT
To land,To land,CORRECT
To land,To land,CORRECT
To land,To land,CORRECT
To land,To land,CORRECT
To land,To land,CORRECT
To land,To land,CORRECT
To land,To land,CORRECT
To land,To land,CORRECT
To land,To land,CORRECT
To land,To land,CORRECT
To land,To land,CORRECT
To land,To land,CORRECT
To land,To land,CORRECT
To land,To land,CORRECT
Catch,Catch,CORRECT
Catch,Catch,CORRECT
Catch,Catch,CORRECT
Catch,Catch,CORRECT
Catch,Catch,CORRECT
Catch,Catch,CORRECT
Catch,Catch,CORRECT
Catch,Catch,CORRECT
Catch,Catch,CORRECT
Catch,Catch,CORRECT
Catch,Catch,CORRECT
Catch,Catch,CORRECT
Catch,Catch,CORRECT
Catch,Catch,CORRECT
Catch,Catch,CORRECT
Catch,Catch,CORRECT
Catch,Catch,CORRECT
Catch,Catch,CORRECT
Catch,Catch,CORRECT
Catch,Catch,CORRECT
Catch,Catch,CORRECT
Catch,Catch,CORRECT
Catch,Catch,CORRECT
Catch,Catch,CORRECT
Catch,Catch,CORRECT
Catch,Catch,CORRECT
Catch,Catch,CORRECT
Catch,Catch,CORRECT
Catch,Catch,CORRECT
Catch,Catch,CORRECT
Catch,Catch,CORRECT
Catch,Catch,CORRECT
Catch,Catch,CORRECT
Catch,Catch,CORRECT
Catch,Catch,CORRECT
Catch,Catch,CORRECT
Catch,Catch,CORRECT
Catch,Catch,CORRECT
Catch,Catch,CORRECT
Catch,Catch,CORRECT
Catch,Catch,CORRECT
Catch,Catch,CORRECT
Catch,Catch,CORRECT
Catch,Catch,CORRECT
Catch,Catch,CORRECT
Catch,Catch,CORRECT
Catch,Catch,CORRECT
Catch,Catch,CORRECT
Catch,Catch,CORRECT
Catch,Catch,CORRECT
Help,Help,CORRECT
Help,Help,CORRECT
Help,Help,CORRECT
Help,Help,CORRECT
Help,Help,CORRECT
Help,Help,CORRECT
Help,Help,CORRECT
Help,Help,CORRECT
Help,Help,CORRECT
Help,Help,CORRECT
Help,Help,CORRECT
Help,Help,CORRECT
Help,Help,CORRECT
Help,Help,CORRECT
Help,Help,CORRECT
Help,Help,CORRECT
Help,Help,CORRECT
Help,Help,CORRECT
Help,Help,CORRECT
Help,Help,CORRECT
Help,Help,CORRECT
Help,Help,CORRECT
Help,Help,CORRECT
Help,Help,CORRECT
Help,Help,CORRECT
Help,Help,CORRECT
Help,Help,CORRECT
Help,Help,CORRECT
Help,Help,CORRECT
Help,Help,CORRECT
Help,Help,CORRECT
Help,Help,CORRECT
Help,Help,CORRECT
Help,Help,CORRECT
Help,Help,CORRECT
Help,Help,CORRECT
Help,Help,CORRECT
Help,Help,CORRECT
Help,Help,CORRECT
Help,Help,CORRECT
Help,Help,CORRECT
Help,Help,CORRECT
Help,Help,CORRECT
Help,Help,CORRECT
Help,Help,CORRECT
Help,Help,CORRECT
Help,Help,CORRECT
Help,Help,CORRECT
Help,Help,CORRECT
Help,Help,CORRECT
Dance,Dance,CORRECT
Dance,Dance,CORRECT
Dance,Dance,CORRECT
Dance,Dance,CORRECT
Dance,Dance,CORRECT
Dance,Dance,CORRECT
Dance,Dance,CORRECT
Dance,Dance,CORRECT
Dance,Dance,CORRECT
Dance,Dance,CORRECT
Dance,Dance,CORRECT
Dance,Dance,CORRECT
Dance,Dance,CORRECT
Dance,Dance,CORRECT
Dance,Dance,CORRECT
Dance,Dance,CORRECT
Dance,Dance,CORRECT
Dance,Dance,CORRECT
Dance,Dance,CORRECT
Dance,Dance,CORRECT
Dance,Dance,CORRECT
Dance,Dance,CORRECT
Dance,Dance,CORRECT
Dance,Dance,CORRECT
Dance,Dance,CORRECT
Dance,Dance,CORRECT
Dance,Dance,CORRECT
Dance,Dance,CORRECT
Dance,Dance,CORRECT
Dance,Dance,CORRECT
Dance,Dance,CORRECT
Dance,Dance,CORRECT
Dance,Dance,CORRECT
Dance,Dance,CORRECT
Dance,Dance,CORRECT
Dance,Dance,CORRECT
Dance,Dance,CORRECT
Dance,Dance,CORRECT
Dance,Dance,CORRECT
Dance,Dance,CORRECT
Dance,Dance,CORRECT
Dance,Dance,CORRECT
Dance,Dance,CORRECT
Dance,Dance,CORRECT
Dance,Dance,CORRECT
Dance,Dance,CORRECT
Dance,Dance,CORRECT
Dance,Dance,CORRECT
Dance,Dance,CORRECT
Dance,Dance,CORRECT
Bathe,Bathe,CORRECT
Bathe,Bathe,CORRECT
Bathe,Bathe,CORRECT
Bathe,Bathe,CORRECT
Bathe,Bathe,CORRECT
Bathe,Bathe,CORRECT
Bathe,Bathe,CORRECT
Bathe,Bathe,CORRECT
Bathe,Bathe,CORRECT
Bathe,Bathe,CORRECT
Bathe,Bathe,CORRECT
Bathe,Bathe,CORRECT
Bathe,Bathe,CORRECT
Bathe,Bathe,CORRECT
Bathe,Bathe,CORRECT
Bathe,Bathe,CORRECT
Bathe,Bathe,CORRECT
Bathe,Bathe,CORRECT
Bathe,Bathe,CORRECT
Bathe,Bathe,CORRECT
Bathe,Bathe,CORRECT
Bathe,Bathe,CORRECT
Bathe,Bathe,CORRECT
Bathe,Bathe,CORRECT
Bathe,Bathe,CORRECT
Bathe,Bathe,CORRECT
Bathe,Bathe,CORRECT
Bathe,Bathe,CORRECT
Bathe,Bathe,CORRECT
Bathe,Bathe,CORRECT
Bathe,Bathe,CORRECT
Bathe,Bathe,CORRECT
Bathe,Bathe,CORRECT
Bathe,Bathe,CORRECT
Bathe,Bathe,CORRECT
Bathe,Bathe,CORRECT
Bathe,Bathe,CORRECT
Bathe,Bathe,CORRECT
Bathe,Bathe,CORRECT
Bathe,Bathe,CORRECT
Bathe,Bathe,CORRECT
Bathe,Bathe,CORRECT
Bathe,Bathe,CORRECT
Bathe,Bathe,CORRECT
Bathe,Bathe,CORRECT
Bathe,Bathe,CORRECT
Bathe,Bathe,CORRECT
Bathe,Bathe,CORRECT
Bathe,Bathe,CORRECT
Bathe,Bathe,CORRECT
Buy,Buy,CORRECT
Buy,Buy,CORRECT
Buy,Buy,CORRECT
Buy,Buy,CORRECT
Buy,Buy,CORRECT
Buy,Buy,CORRECT
Buy,Buy,CORRECT
Buy,Buy,CORRECT
Buy,Buy,CORRECT
Buy,Buy,CORRECT
Buy,Buy,CORRECT
Buy,Buy,CORRECT
Buy,Buy,CORRECT
Buy,Buy,CORRECT
Buy,Buy,CORRECT
Buy,Buy,CORRECT
Buy,Buy,CORRECT
Buy,Buy,CORRECT
Buy,Buy,CORRECT
Buy,Buy,CORRECT
Buy,Buy,CORRECT
Buy,Buy,CORRECT
Buy,Buy,CORRECT
Buy,Buy,CORRECT
Buy,Buy,CORRECT
Buy,Buy,CORRECT
Buy,Buy,CORRECT
Buy,Buy,CORRECT
Buy,Buy,CORRECT
Buy,Buy,CORRECT
Buy,Buy,CORRECT
Buy,Buy,CORRECT
Buy,Buy,CORRECT
Buy,Buy,CORRECT
Buy,Buy,CORRECT
Buy,Buy,CORRECT
Buy,Buy,CORRECT
Buy,Buy,CORRECT
Buy,Buy,CORRECT
Buy,Buy,CORRECT
Buy,Buy,CORRECT
Buy,Buy,CORRECT
Buy,Buy,CORRECT
Buy,Buy,CORRECT
Buy,Buy,CORRECT
Buy,Buy,CORRECT
Buy,Buy,CORRECT
Buy,Buy,CORRECT
Buy,Buy,CORRECT
Buy,Buy,CORRECT
Copy,Copy,CORRECT
Copy,Copy,CORRECT
Copy,Copy,CORRECT
Copy,Copy,CORRECT
Copy,Copy,CORRECT
Copy,Copy,CORRECT
Copy,Copy,CORRECT
Copy,Copy,CORRECT
Copy,Copy,CORRECT
Copy,Copy,CORRECT
Copy,Copy,CORRECT
Copy,Copy,CORRECT
Copy,Copy,CORRECT
Copy,Copy,CORRECT
Copy,Copy,CORRECT
Copy,Copy,CORRECT
Copy,Copy,CORRECT
Copy,Copy,CORRECT
Copy,Copy,CORRECT
Copy,Copy,CORRECT
Copy,Copy,CORRECT
Copy,Copy,CORRECT
Copy,Copy,CORRECT
Copy,Copy,CORRECT
Copy,Copy,CORRECT
Copy,Copy,CORRECT
Copy,Copy,CORRECT
Copy,Copy,CORRECT
Copy,Copy,CORRECT
Copy,Copy,CORRECT
Copy,Copy,CORRECT
Copy,Copy,CORRECT
Copy,Copy,CORRECT
Copy,Copy,CORRECT
Copy,Copy,CORRECT
Copy,Copy,CORRECT
Copy,Copy,CORRECT
Copy,Copy,CORRECT
Copy,Copy,CORRECT
Copy,Copy,CORRECT
Copy,Copy,CORRECT
Copy,Copy,CORRECT
Copy,Copy,CORRECT
Copy,Copy,CORRECT
Copy,Copy,CORRECT
Copy,Copy,CORRECT
Copy,Copy,CORRECT
Copy,Copy,CORRECT
Copy,Copy,CORRECT
Copy,Copy,CORRECT
Run,Run,CORRECT
Run,Run,CORRECT
Run,Run,CORRECT
Run,Run,CORRECT
Run,Run,CORRECT
Run,Run,CORRECT
Run,Run,CORRECT
Run,Run,CORRECT
Run,Run,CORRECT
Run,Run,CORRECT
Run,Run,CORRECT
Run,Run,CORRECT
Run,Run,CORRECT
Run,Run,CORRECT
Run,Run,CORRECT
Run,Run,CORRECT
Run,Run,CORRECT
Run,Run,CORRECT
Run,Run,CORRECT
Run,Run,CORRECT
Run,Run,CORRECT
Run,Run,CORRECT
Run,Run,CORRECT
Run,Run,CORRECT
Run,Run,CORRECT
Run,Run,CORRECT
Run,Run,CORRECT
Run,Run,CORRECT
Run,Run,CORRECT
Run,Run,CORRECT
Run,Run,CORRECT
Run,Run,CORRECT
Run,Run,CORRECT
Run,Run,CORRECT
Run,Run,CORRECT
Run,Run,CORRECT
Run,Run,CORRECT
Run,Run,CORRECT
Run,Run,CORRECT
Run,Run,CORRECT
Run,Run,CORRECT
Run,Run,CORRECT
Run,Run,CORRECT
Run,Run,CORRECT
Run,Run,CORRECT
Run,Run,CORRECT
Run,Run,CORRECT
Run,Run,CORRECT
Run,Run,CORRECT
Run,Run,CORRECT
Drawer,Realize,WRONG
Drawer,Realize,WRONG
Drawer,Realize,WRONG
Drawer,Realize,WRONG
Realize,Realize,CORRECT
Realize,Realize,CORRECT
Realize,Realize,CORRECT
Realize,Realize,CORRECT
Realize,Realize,CORRECT
Realize,Realize,CORRECT
Realize,Realize,CORRECT
Realize,Realize,CORRECT
Realize,Realize,CORRECT
Realize,Realize,CORRECT
Realize,Realize,CORRECT
Realize,Realize,CORRECT
Realize,Realize,CORRECT
Realize,Realize,CORRECT
Realize,Realize,CORRECT
Realize,Realize,CORRECT
Man,Realize,WRONG
Realize,Realize,CORRECT
Realize,Realize,CORRECT
Realize,Realize,CORRECT
Drawer,Realize,WRONG
Realize,Realize,CORRECT
Realize,Realize,CORRECT
Realize,Realize,CORRECT
Realize,Realize,CORRECT
Realize,Realize,CORRECT
Realize,Realize,CORRECT
Realize,Realize,CORRECT
Realize,Realize,CORRECT
Realize,Realize,CORRECT
Realize,Realize,CORRECT
Realize,Realize,CORRECT
Realize,Realize,CORRECT
Realize,Realize,CORRECT
Realize,Realize,CORRECT
Realize,Realize,CORRECT
Realize,Realize,CORRECT
Realize,Realize,CORRECT
Realize,Realize,CORRECT
Realize,Realize,CORRECT
Realize,Realize,CORRECT
Realize,Realize,CORRECT
Realize,Realize,CORRECT
Realize,Realize,CORRECT
Realize,Realize,CORRECT
Realize,Realize,CORRECT
Give,Give,CORRECT
Give,Give,CORRECT
Give,Give,CORRECT
Give,Give,CORRECT
Give,Give,CORRECT
Give,Give,CORRECT
Give,Give,CORRECT
Give,Give,CORRECT
Give,Give,CORRECT
Give,Give,CORRECT
Give,Give,CORRECT
Give,Give,CORRECT
Give,Give,CORRECT
Give,Give,CORRECT
Give,Give,CORRECT
Give,Give,CORRECT
Give,Give,CORRECT
Give,Give,CORRECT
Give,Give,CORRECT
Give,Give,CORRECT
Give,Give,CORRECT
Give,Give,CORRECT
Give,Give,CORRECT
Give,Give,CORRECT
Give,Give,CORRECT
Give,Give,CORRECT
Give,Give,CORRECT
Give,Give,CORRECT
Give,Give,CORRECT
Give,Give,CORRECT
Give,Give,CORRECT
Give,Give,CORRECT
Give,Give,CORRECT
Give,Give,CORRECT
Give,Give,CORRECT
Give,Give,CORRECT
Give,Give,CORRECT
Give,Give,CORRECT
Give,Give,CORRECT
Give,Give,CORRECT
Give,Give,CORRECT
Give,Give,CORRECT
Give,Give,CORRECT
Give,Give,CORRECT
Give,Give,CORRECT
Give,Give,CORRECT
Give,Give,CORRECT
Give,Give,CORRECT
Give,Give,CORRECT
Give,Give,CORRECT
None,Find,WRONG
Name,Find,WRONG
None,Find,WRONG
None,Find,WRONG
None,Find,WRONG
None,Find,WRONG
None,Find,WRONG
None,Find,WRONG
None,Find,WRONG
None,Find,WRONG
Hungry,Find,WRONG
None,Find,WRONG
None,Find,WRONG
None,Find,WRONG
None,Find,WRONG
None,Find,WRONG
None,Find,WRONG
None,Find,WRONG
None,Find,WRONG
None,Find,WRONG
Hungry,Find,WRONG
None,Find,WRONG
Hungry,Find,WRONG
None,Find,WRONG
None,Find,WRONG
None,Find,WRONG
None,Find,WRONG
None,Find,WRONG
None,Find,WRONG
None,Find,WRONG
None,Find,WRONG
None,Find,WRONG
None,Find,WRONG
None,Find,WRONG
None,Find,WRONG
None,Find,WRONG
None,Find,WRONG
None,Find,WRONG
None,Find,WRONG
None,Find,WRONG
Name,Find,WRONG
None,Find,WRONG
None,Find,WRONG
None,Find,WRONG
None,Find,WRONG
Hungry,Find,WRONG
Hungry,Find,WRONG
Name,Find,WRONG
None,Find,WRONG
None,Find,WRONG
